id,name,labelid,category,gender,currentlyactive,created,updated
50,Costume Amin,1152,Traditional,unisex,t,2018-08-02 09:56:54.199683+00,
51,Athletic Shoes Trick,38,Footwear,male,t,2018-08-02 10:44:07.671648+00,
52,Socks Cylias,680,Apparel,unisex,t,2018-08-02 10:48:48.224576+00,
53,Button-Down Shirt Escudo,583,Apparel,male,t,2018-08-02 10:48:48.224576+00,
54,Espadrilles Lumo,961,Footwear,unisex,t,2018-08-02 10:48:48.224576+00,
55,Bra Chrisie,353,Apparel,female,t,2018-08-02 10:48:58.471454+00,
56,Dress Shirt Pepper,1154,Apparel,male,t,2018-08-02 10:48:58.471454+00,
57,Necklace Kiff,922,Watches & Jewelry,female,t,2018-08-02 10:48:58.471454+00,
58,Blazers & Sport Coats Cylias,776,Apparel,male,t,2018-08-02 10:48:58.471454+00,
59,Comfort Shoes Arnhild,767,Footwear,unisex,t,2018-08-02 10:48:58.471454+00,
60,Watch Panka,53,Watches & Jewelry,unisex,t,2018-08-02 10:48:58.471454+00,
61,Sunglasses Floni,489,Accessories,female,t,2018-08-02 10:48:58.471454+00,
62,Cuffs Eljin,441,Watches & Jewelry,male,t,2018-08-02 10:48:58.471454+00,
63,Underwear Corsar,124,Sportswear,unisex,t,2018-08-02 10:48:58.471454+00,
64,Boots Jeana,776,Footwear,unisex,t,2018-08-02 10:48:58.471454+00,
65,Suit Donner,893,Formal Wear,female,t,2018-08-02 10:48:58.471454+00,
66,Pajamas Hagar,674,Apparel,unisex,t,2018-08-02 10:48:58.471454+00,
67,Underwear Arano,842,Sportswear,unisex,t,2018-08-02 10:48:58.471454+00,
68,Hoodie Dexel,1086,Apparel,unisex,t,2018-08-02 10:48:58.471454+00,
69,Shampoo Laidy,585,Cosmetics,unisex,t,2018-08-02 10:48:58.471454+00,
70,Tie Clip Nenno,405,Watches & Jewelry,unisex,t,2018-08-02 10:48:58.471454+00,
71,Backpack Arnhild,644,Luggage,female,t,2018-08-02 10:48:58.471454+00,
72,Jumpsuit Madame,855,Apparel,female,t,2018-08-02 10:48:58.471454+00,
73,Coat Isto,1123,Apparel,female,t,2018-08-02 10:48:58.471454+00,
74,Cuffs Pepper,391,Watches & Jewelry,unisex,t,2018-08-02 10:48:58.471454+00,
75,Jeans Madame,988,Apparel,male,t,2018-08-02 10:48:58.471454+00,
76,Athletic Shoes Nady,1125,Footwear,male,t,2018-08-02 10:48:58.471454+00,
77,Capris Bienchen,603,Apparel,male,t,2018-08-02 10:48:58.471454+00,
78,Wedges Kiff,1110,Footwear,male,t,2018-08-02 10:48:58.471454+00,
79,Ring Adria,464,Watches & Jewelry,male,t,2018-08-02 10:48:58.471454+00,
80,Boxer Cylias,1091,Apparel,female,t,2018-08-02 10:48:58.471454+00,
81,Suitcase Nanzo,4,Luggage,female,t,2018-08-02 10:48:58.471454+00,
82,Pajamas Andiamo,1113,Apparel,male,t,2018-08-02 10:48:58.471454+00,
83,Hoodie Amin,1119,Apparel,unisex,t,2018-08-02 10:48:58.471454+00,
84,Hair Gel Madame,154,Cosmetics,male,t,2018-08-02 10:48:58.471454+00,
85,Pants Corsar,636,Sportswear,male,t,2018-08-02 10:48:58.471454+00,
86,Necklace Beppo,119,Watches & Jewelry,female,t,2018-08-02 10:48:58.471454+00,
87,Hair Gel Nanzo,312,Cosmetics,unisex,t,2018-08-02 10:48:58.471454+00,
88,Sweater Floni,651,Apparel,female,t,2018-08-02 10:48:58.471454+00,
89,Bracelet Bienchen,32,Watches & Jewelry,unisex,t,2018-08-02 10:48:58.471454+00,
90,Shampoo Dian,444,Cosmetics,male,t,2018-08-02 10:48:58.471454+00,
91,Tracksuit Aikita,891,Sportswear,unisex,t,2018-08-02 10:48:58.471454+00,
92,Tie Clip Durrant,108,Watches & Jewelry,male,t,2018-08-02 10:48:58.471454+00,
93,Tracksuit Anita,891,Sportswear,male,t,2018-08-02 10:48:58.471454+00,
94,Nailpolish Madame,569,Cosmetics,unisex,t,2018-08-02 10:48:58.471454+00,
95,Carry-On Buck,295,Luggage,unisex,t,2018-08-02 10:48:58.471454+00,
96,Dress Shirt Bienchen,846,Apparel,male,t,2018-08-02 10:48:58.471454+00,
97,Pumps Muneca,922,Footwear,unisex,t,2018-08-02 10:48:58.471454+00,
98,Coat Buck,186,Apparel,female,t,2018-08-02 10:48:58.471454+00,
99,Gym Bag Amin,231,Luggage,female,t,2018-08-02 10:48:58.471454+00,
100,Sweater Feivel,873,Apparel,female,t,2018-08-02 10:48:58.471454+00,
101,Sleepwear Astrix,947,Apparel,unisex,t,2018-08-02 10:48:58.471454+00,
102,Sneakers Yesika,1023,Footwear,unisex,t,2018-08-02 10:48:58.471454+00,
103,Polo Heifi,278,Apparel,female,t,2018-08-02 10:48:58.471454+00,
104,Dress Obin,75,Apparel,unisex,t,2018-08-02 10:48:58.471454+00,
105,Panty Guni,219,Apparel,unisex,t,2018-08-02 10:48:58.471454+00,
106,Coat Ankana,356,Apparel,female,t,2018-08-02 10:48:58.471454+00,
107,Suit Ankana,1002,Apparel,male,t,2018-08-02 10:48:58.471454+00,
108,Boots Fabulous,1149,Footwear,male,t,2018-08-02 10:48:58.471454+00,
109,Dress Bast,313,Formal Wear,female,t,2018-08-02 10:48:58.471454+00,
110,Sneakers Elfy,112,Footwear,male,t,2018-08-02 10:48:58.471454+00,
111,Skirt Broker,465,Apparel,female,t,2018-08-02 10:48:58.471454+00,
112,Espadrilles Ena,691,Footwear,female,t,2018-08-02 10:48:58.471454+00,
113,Pants Askania,1030,Sportswear,unisex,t,2018-08-02 10:48:58.471454+00,
114,Suitcase Betzy,862,Luggage,male,t,2018-08-02 10:48:58.471454+00,
115,Pants Anita,229,Apparel,male,t,2018-08-02 10:48:58.471454+00,
116,Slippers Betzy,305,Footwear,female,t,2018-08-02 10:48:58.471454+00,
117,Shirt Yesika,387,Sportswear,unisex,t,2018-08-02 10:48:58.471454+00,
118,Suit Gorre,104,Apparel,unisex,t,2018-08-02 10:48:58.471454+00,
119,Lipbalm Lolo,52,Cosmetics,female,t,2018-08-02 10:48:58.471454+00,
120,Carry-On Heifi,1105,Luggage,male,t,2018-08-02 10:48:58.471454+00,
121,Nailpolish Elfy,835,Cosmetics,female,t,2018-08-02 10:48:58.471454+00,
122,Wrap Amin,359,Accessories,male,t,2018-08-02 10:48:58.471454+00,
123,Flats Arano,662,Footwear,male,t,2018-08-02 10:48:58.471454+00,
124,Underwear Dini,433,Sportswear,unisex,t,2018-08-02 10:48:58.471454+00,
125,Sweater Durrant,376,Apparel,female,t,2018-08-02 10:48:58.471454+00,
126,Wrap Guni,860,Accessories,male,t,2018-08-02 10:48:58.471454+00,
127,Bra Astrix,149,Apparel,unisex,t,2018-08-02 10:48:58.471454+00,
128,Suit Gorre,988,Formal Wear,male,t,2018-08-02 10:48:58.471454+00,
129,Suitcase Aikita,327,Luggage,female,t,2018-08-02 10:48:58.471454+00,
130,Capris Yla,760,Apparel,male,t,2018-08-02 10:48:58.471454+00,
131,Sandals Laidy,888,Footwear,female,t,2018-08-02 10:48:58.471454+00,
132,Lingerie Panka,945,Apparel,female,t,2018-08-02 10:48:58.471454+00,
133,Boxer Dunja,291,Apparel,unisex,t,2018-08-02 10:48:58.471454+00,
134,Necklace Askania,494,Watches & Jewelry,male,t,2018-08-02 10:48:58.471454+00,
135,Capris Muneca,300,Apparel,female,t,2018-08-02 10:48:58.471454+00,
136,Flats Amin,230,Footwear,female,t,2018-08-02 10:48:58.471454+00,
137,Dress Shoes Nady,471,Footwear,male,t,2018-08-02 10:48:58.471454+00,
138,Sweater Nadia,107,Apparel,male,t,2018-08-02 10:48:58.471454+00,
139,Suit Camen,560,Formal Wear,female,t,2018-08-02 10:48:58.471454+00,
140,Lipbalm Ankana,1128,Cosmetics,unisex,t,2018-08-02 10:48:58.471454+00,
141,Boots Dian,808,Footwear,unisex,t,2018-08-02 10:48:58.471454+00,
142,Sandals Enne,521,Footwear,unisex,t,2018-08-02 10:48:58.471454+00,
143,Swimwear Gorre,1012,Apparel,male,t,2018-08-02 10:48:58.471454+00,
144,Booties Yambi,308,Footwear,male,t,2018-08-02 10:48:58.471454+00,
145,Underwear Eiko,66,Sportswear,female,t,2018-08-02 10:48:58.471454+00,
146,Comfort Shoes Amin,243,Footwear,unisex,t,2018-08-02 10:48:58.471454+00,
147,Costume Hexana,75,Traditional,female,t,2018-08-02 10:48:58.471454+00,
148,Dress Nady,991,Formal Wear,female,t,2018-08-02 10:48:58.471454+00,
149,T-Shirt Nanzo,905,Apparel,female,t,2018-08-02 10:48:58.471454+00,
150,Button-Down Shirt Nadia,10,Apparel,male,t,2018-08-02 10:48:58.471454+00,
151,Sweatshirt Cucio,443,Apparel,unisex,t,2018-08-02 10:48:58.471454+00,
152,Ring Kiff,585,Watches & Jewelry,female,t,2018-08-02 10:48:58.471454+00,
153,Gym Bag Marisa,73,Luggage,female,t,2018-08-02 10:48:58.471454+00,
154,Dress Shoes Marisa,797,Footwear,unisex,t,2018-08-02 10:48:58.471454+00,
155,Wallet Fluse,566,Accessories,unisex,t,2018-08-02 10:48:58.471454+00,
156,Lipbalm Herry,90,Cosmetics,female,t,2018-08-02 10:48:58.471454+00,
157,Tracksuit Jeana,112,Sportswear,male,t,2018-08-02 10:48:58.471454+00,
158,Lingerie Obin,1165,Apparel,female,t,2018-08-02 10:48:58.471454+00,
600,Belt Marisa,118,Accessories,unisex,t,2018-08-02 10:49:10.991437+00,
159,Gym Bag Anita,460,Luggage,female,t,2018-08-02 10:48:58.471454+00,
160,Nailpolish Ayleen,1093,Cosmetics,unisex,t,2018-08-02 10:48:58.471454+00,
161,Bra Astrix,450,Apparel,female,t,2018-08-02 10:48:58.471454+00,
162,Sweater Kiff,675,Apparel,unisex,t,2018-08-02 10:48:58.471454+00,
163,Bra Atlan,670,Apparel,unisex,t,2018-08-02 10:48:58.471454+00,
164,Shampoo Askania,620,Cosmetics,unisex,t,2018-08-02 10:48:58.471454+00,
165,Suitcase Tura,837,Luggage,unisex,t,2018-08-02 10:48:58.471454+00,
166,Hoodie Floni,768,Sportswear,unisex,t,2018-08-02 10:48:58.471454+00,
167,Jumpsuit Panka,574,Apparel,unisex,t,2018-08-02 10:48:58.471454+00,
168,Suitcase Nenno,712,Luggage,male,t,2018-08-02 10:48:58.471454+00,
169,Bra Astrix,223,Apparel,male,t,2018-08-02 10:48:58.471454+00,
170,Suit Alvaro,760,Apparel,male,t,2018-08-02 10:48:58.471454+00,
171,Earring Alvaro,397,Watches & Jewelry,male,t,2018-08-02 10:48:58.471454+00,
172,T-Shirt Eddil,653,Apparel,male,t,2018-08-02 10:48:58.471454+00,
173,Athletic Shoes Andiamo,1026,Footwear,female,t,2018-08-02 10:48:58.471454+00,
174,Wrap Dini,672,Accessories,male,t,2018-08-02 10:48:58.471454+00,
175,Button-Down Shirt Yla,857,Apparel,unisex,t,2018-08-02 10:48:58.471454+00,
176,Tops Panka,69,Apparel,male,t,2018-08-02 10:48:58.471454+00,
177,Button-Down Shirt Nenno,565,Apparel,unisex,t,2018-08-02 10:48:58.471454+00,
178,Jeans Flavko,873,Apparel,male,t,2018-08-02 10:48:58.471454+00,
179,Jacket Gorre,1047,Sportswear,female,t,2018-08-02 10:48:58.471454+00,
180,Suit Camen,1035,Apparel,female,t,2018-08-02 10:48:58.471454+00,
181,Suit Arano,39,Formal Wear,female,t,2018-08-02 10:48:58.471454+00,
182,Ring Herry,111,Watches & Jewelry,male,t,2018-08-02 10:48:58.471454+00,
183,Blazers & Sport Coats Hagar,70,Apparel,unisex,t,2018-08-02 10:48:58.471454+00,
184,Gym Bag Chrisie,978,Luggage,male,t,2018-08-02 10:48:58.471454+00,
185,Dress Shirt Laidy,530,Apparel,male,t,2018-08-02 10:48:58.471454+00,
186,Jeans Flavko,119,Apparel,unisex,t,2018-08-02 10:48:58.471454+00,
187,Shorts Dini,487,Apparel,female,t,2018-08-02 10:48:58.471454+00,
188,Athletic Shoes Elfy,665,Footwear,female,t,2018-08-02 10:48:58.471454+00,
189,Dress Donner,241,Apparel,unisex,t,2018-08-02 10:48:58.471454+00,
190,Shorts Enne,1087,Apparel,unisex,t,2018-08-02 10:48:58.471454+00,
191,Dress Shirt Yesika,367,Apparel,unisex,t,2018-08-02 10:48:58.471454+00,
192,Suit Enne,836,Formal Wear,female,t,2018-08-02 10:48:58.471454+00,
193,Costume Heifi,317,Traditional,male,t,2018-08-02 10:48:58.471454+00,
194,Capris Elfy,647,Apparel,female,t,2018-08-02 10:48:58.471454+00,
195,Suitcase Corsar,304,Luggage,male,t,2018-08-02 10:48:58.471454+00,
196,Polo Dian,556,Apparel,female,t,2018-08-02 10:48:58.471454+00,
197,Watch Cylias,251,Watches & Jewelry,female,t,2018-08-02 10:48:58.471454+00,
198,Tuxedo Iola,845,Formal Wear,female,t,2018-08-02 10:48:58.471454+00,
199,Pajamas Herry,955,Apparel,female,t,2018-08-02 10:48:58.471454+00,
200,Sweatshirt Yambi,958,Apparel,male,t,2018-08-02 10:48:58.471454+00,
201,Espadrilles Feivel,313,Footwear,male,t,2018-08-02 10:48:58.471454+00,
202,Bra Cylias,549,Apparel,male,t,2018-08-02 10:48:58.471454+00,
203,T-Shirt Anita,603,Apparel,male,t,2018-08-02 10:48:58.471454+00,
204,Suit Durrant,93,Apparel,unisex,t,2018-08-02 10:48:58.471454+00,
205,Pumps Camen,42,Footwear,female,t,2018-08-02 10:48:58.471454+00,
206,Lipbalm Beppo,418,Cosmetics,female,t,2018-08-02 10:48:58.471454+00,
207,Bra Buck,1121,Apparel,female,t,2018-08-02 10:48:58.471454+00,
208,Backpack Kiff,65,Luggage,male,t,2018-08-02 10:48:58.471454+00,
209,Shorts Durrant,1107,Apparel,male,t,2018-08-02 10:48:58.471454+00,
210,Slippers Gorre,64,Footwear,unisex,t,2018-08-02 10:48:58.471454+00,
211,Slippers Arnhild,17,Footwear,female,t,2018-08-02 10:48:58.471454+00,
212,Wrap Chrisie,368,Accessories,male,t,2018-08-02 10:48:58.471454+00,
213,Shampoo Ena,990,Cosmetics,male,t,2018-08-02 10:48:58.471454+00,
214,Nailpolish Ankana,1081,Cosmetics,unisex,t,2018-08-02 10:48:58.471454+00,
215,Hoodie Durrant,577,Sportswear,unisex,t,2018-08-02 10:48:58.471454+00,
216,Boxer Arnhild,774,Apparel,male,t,2018-08-02 10:48:58.471454+00,
217,Eye Makeup Marisa,307,Cosmetics,male,t,2018-08-02 10:48:58.471454+00,
218,Undershirt Amin,344,Apparel,female,t,2018-08-02 10:48:58.471454+00,
219,Ring Hagar,670,Watches & Jewelry,unisex,t,2018-08-02 10:48:58.471454+00,
220,Sweater Elfy,538,Apparel,female,t,2018-08-02 10:48:58.471454+00,
221,Flip-Flops Trick,375,Footwear,female,t,2018-08-02 10:48:58.471454+00,
222,Athletic Shoes Dian,872,Footwear,male,t,2018-08-02 10:48:58.471454+00,
223,Pants Hagar,64,Apparel,male,t,2018-08-02 10:48:58.471454+00,
224,Boxer Guni,29,Apparel,male,t,2018-08-02 10:48:58.471454+00,
225,Panty Enne,1020,Apparel,unisex,t,2018-08-02 10:48:58.471454+00,
226,Ring Corsar,419,Watches & Jewelry,female,t,2018-08-02 10:48:58.471454+00,
227,Heels Obin,10,Footwear,female,t,2018-08-02 10:48:58.471454+00,
228,Capris Panka,1157,Apparel,unisex,t,2018-08-02 10:48:58.471454+00,
229,Comfort Shoes Floni,749,Footwear,male,t,2018-08-02 10:48:58.471454+00,
230,Sneakers Nanuc,903,Footwear,female,t,2018-08-02 10:48:58.471454+00,
231,Nailpolish Cylias,1144,Cosmetics,male,t,2018-08-02 10:48:58.471454+00,
232,Sweatshirt Yambi,111,Apparel,unisex,t,2018-08-02 10:48:58.471454+00,
233,Nailpolish Adria,88,Cosmetics,female,t,2018-08-02 10:48:58.471454+00,
234,Bra Atlan,159,Apparel,female,t,2018-08-02 10:48:58.471454+00,
235,Comfort Shoes Ankana,675,Footwear,male,t,2018-08-02 10:48:58.471454+00,
236,Wedges Ena,445,Footwear,female,t,2018-08-02 10:48:58.471454+00,
237,Flip-Flops Nadia,652,Footwear,male,t,2018-08-02 10:48:58.471454+00,
238,Bra Nanzo,973,Apparel,male,t,2018-08-02 10:48:58.471454+00,
239,T-Shirt Arano,690,Apparel,female,t,2018-08-02 10:48:58.471454+00,
240,Sneakers Anita,1012,Footwear,unisex,t,2018-08-02 10:48:58.471454+00,
241,Shirt Amin,519,Sportswear,unisex,t,2018-08-02 10:48:58.471454+00,
242,Suit Dreff,829,Apparel,female,t,2018-08-02 10:48:58.471454+00,
243,Sweater Drenk,293,Apparel,female,t,2018-08-02 10:48:58.471454+00,
244,Comfort Shoes Chrisie,1105,Footwear,female,t,2018-08-02 10:48:58.471454+00,
245,Pants Atlan,24,Apparel,female,t,2018-08-02 10:48:58.471454+00,
246,Sunglasses Escudo,350,Accessories,male,t,2018-08-02 10:48:58.471454+00,
247,Hair Gel Guni,837,Cosmetics,female,t,2018-08-02 10:48:58.471454+00,
248,Bracelet Hagar,77,Watches & Jewelry,female,t,2018-08-02 10:48:58.471454+00,
249,Tie Clip Heifi,541,Watches & Jewelry,male,t,2018-08-02 10:48:58.471454+00,
250,Boxer Betzy,190,Apparel,female,t,2018-08-02 10:48:58.471454+00,
251,Earring Cimbo,563,Watches & Jewelry,unisex,t,2018-08-02 10:48:58.471454+00,
252,Hoodie Camen,901,Sportswear,male,t,2018-08-02 10:48:58.471454+00,
253,Suit Elfy,14,Apparel,unisex,t,2018-08-02 10:48:58.471454+00,
254,Gym Bag Amin,528,Luggage,female,t,2018-08-02 10:48:58.471454+00,
255,Sneakers Lolo,535,Footwear,female,t,2018-08-02 10:48:58.471454+00,
256,Wallet Isto,422,Accessories,male,t,2018-08-02 10:48:58.471454+00,
257,Wrap Flavko,247,Accessories,unisex,t,2018-08-02 10:48:58.471454+00,
258,Suit Cimbo,142,Formal Wear,female,t,2018-08-02 10:48:58.471454+00,
259,Belt Dian,352,Accessories,unisex,t,2018-08-02 10:48:58.471454+00,
260,Boots Enne,411,Footwear,unisex,t,2018-08-02 10:48:58.471454+00,
261,Dress Shoes Ena,933,Footwear,female,t,2018-08-02 10:48:58.471454+00,
262,Shorts Yambi,399,Apparel,female,t,2018-08-02 10:48:58.471454+00,
263,Boxer Yla,155,Apparel,female,t,2018-08-02 10:48:58.471454+00,
264,Jacket Ena,389,Sportswear,female,t,2018-08-02 10:48:58.471454+00,
265,Socks Dexel,434,Apparel,unisex,t,2018-08-02 10:48:58.471454+00,
266,Socks Hexana,552,Apparel,unisex,t,2018-08-02 10:48:58.471454+00,
267,Sandals Askania,120,Footwear,male,t,2018-08-02 10:48:58.471454+00,
268,Jumpsuit Nadia,974,Apparel,male,t,2018-08-02 10:48:58.471454+00,
269,Jeans Iola,426,Apparel,female,t,2018-08-02 10:48:58.471454+00,
270,T-Shirt Binda,732,Apparel,male,t,2018-08-02 10:48:58.471454+00,
271,Carry-On Beppo,566,Luggage,male,t,2018-08-02 10:48:58.471454+00,
272,Pants Muneca,830,Apparel,unisex,t,2018-08-02 10:48:58.471454+00,
273,Sneakers Flavko,1068,Footwear,male,t,2018-08-02 10:48:58.471454+00,
274,Skirt Askania,534,Apparel,male,t,2018-08-02 10:48:58.471454+00,
275,Costume Nanzo,1138,Traditional,male,t,2018-08-02 10:48:58.471454+00,
276,Pants Alvaro,623,Apparel,unisex,t,2018-08-02 10:48:58.471454+00,
277,Flats Yambi,246,Footwear,male,t,2018-08-02 10:48:58.471454+00,
278,Sunglasses Ankana,628,Accessories,male,t,2018-08-02 10:48:58.471454+00,
279,Tracksuit Hexana,280,Sportswear,male,t,2018-08-02 10:48:58.471454+00,
280,Underwear Yoko,192,Sportswear,female,t,2018-08-02 10:48:58.471454+00,
281,Shorts Tura,650,Apparel,unisex,t,2018-08-02 10:48:58.471454+00,
282,Athletic Shoes Donner,463,Footwear,female,t,2018-08-02 10:48:58.471454+00,
283,Athletic Shoes Nenno,265,Footwear,male,t,2018-08-02 10:48:58.471454+00,
284,Sneakers Gorre,196,Footwear,unisex,t,2018-08-02 10:48:58.471454+00,
285,Pants Bienchen,539,Sportswear,male,t,2018-08-02 10:48:58.471454+00,
286,Polo Marisa,484,Apparel,unisex,t,2018-08-02 10:48:58.471454+00,
287,Polo Flavko,933,Apparel,unisex,t,2018-08-02 10:48:58.471454+00,
288,Espadrilles Arnhild,456,Footwear,male,t,2018-08-02 10:48:58.471454+00,
289,Hair Gel Dini,662,Cosmetics,male,t,2018-08-02 10:48:58.471454+00,
290,Hoodie Astrix,1006,Apparel,female,t,2018-08-02 10:48:58.471454+00,
291,Pants Flavko,32,Apparel,unisex,t,2018-08-02 10:48:58.471454+00,
292,Blazers & Sport Coats Yesika,1079,Apparel,female,t,2018-08-02 10:48:58.471454+00,
293,Booties Yambi,552,Footwear,unisex,t,2018-08-02 10:48:58.471454+00,
294,Jacket Anita,1071,Sportswear,female,t,2018-08-02 10:48:58.471454+00,
295,Watch Iola,1117,Watches & Jewelry,unisex,t,2018-08-02 10:48:58.471454+00,
296,Sandals Durrant,959,Footwear,unisex,t,2018-08-02 10:48:58.471454+00,
297,Dress Shirt Eddil,734,Apparel,male,t,2018-08-02 10:48:58.471454+00,
298,Tuxedo Guni,211,Formal Wear,female,t,2018-08-02 10:48:58.471454+00,
299,Flip-Flops Panka,113,Footwear,male,t,2018-08-02 10:48:58.471454+00,
300,Shirt Pepper,331,Sportswear,unisex,t,2018-08-02 10:48:58.471454+00,
301,Jeans Aikita,665,Apparel,female,t,2018-08-02 10:48:58.471454+00,
302,Shorts Chrisie,1085,Apparel,unisex,t,2018-08-02 10:48:58.471454+00,
303,Boxer Yoko,904,Apparel,unisex,t,2018-08-02 10:48:58.471454+00,
304,Boxer Arnhild,735,Apparel,female,t,2018-08-02 10:48:58.471454+00,
305,Ring Ankana,167,Watches & Jewelry,female,t,2018-08-02 10:48:58.471454+00,
306,Athletic Shoes Iola,202,Footwear,unisex,t,2018-08-02 10:48:58.471454+00,
307,Laptop Bag Chrisie,275,Luggage,female,t,2018-08-02 10:48:58.471454+00,
308,Panty Yoko,566,Apparel,female,t,2018-08-02 10:48:58.471454+00,
309,Dress Dunja,119,Apparel,female,t,2018-08-02 10:48:58.471454+00,
310,Hair Gel Eddil,498,Cosmetics,male,t,2018-08-02 10:48:58.471454+00,
311,Laptop Bag Binda,817,Luggage,unisex,t,2018-08-02 10:48:58.471454+00,
312,Hoodie Heifi,628,Sportswear,female,t,2018-08-02 10:48:58.471454+00,
313,T-Shirt Drenk,956,Apparel,male,t,2018-08-02 10:48:58.471454+00,
314,Ring Feivel,831,Watches & Jewelry,unisex,t,2018-08-02 10:48:58.471454+00,
315,Skirt Yoko,721,Apparel,female,t,2018-08-02 10:48:58.471454+00,
316,Sandals Andiamo,1078,Footwear,unisex,t,2018-08-02 10:48:58.471454+00,
317,Wedges Heifi,471,Footwear,unisex,t,2018-08-02 10:48:58.471454+00,
318,Swimwear Kiff,998,Apparel,unisex,t,2018-08-02 10:48:58.471454+00,
319,Suitcase Ena,1078,Luggage,male,t,2018-08-02 10:48:58.471454+00,
320,Bra Madame,361,Apparel,unisex,t,2018-08-02 10:48:58.471454+00,
321,Skirt Panka,249,Apparel,female,t,2018-08-02 10:48:58.471454+00,
322,Cuffs Eljin,979,Watches & Jewelry,female,t,2018-08-02 10:48:58.471454+00,
323,Tie Clip Arnhild,797,Watches & Jewelry,female,t,2018-08-02 10:48:58.471454+00,
324,Dress Shoes Nanzo,1049,Footwear,male,t,2018-08-02 10:48:58.471454+00,
325,Carry-On Chrisie,1004,Luggage,male,t,2018-08-02 10:48:58.471454+00,
326,Sunglasses Andiamo,410,Accessories,male,t,2018-08-02 10:48:58.471454+00,
327,Sneakers Ena,35,Footwear,female,t,2018-08-02 10:48:58.471454+00,
328,Pants Amin,649,Sportswear,unisex,t,2018-08-02 10:48:58.471454+00,
659,Suit Ankana,460,Apparel,unisex,t,2018-08-02 10:49:15.728196+00,
329,Necklace Corsar,175,Watches & Jewelry,female,t,2018-08-02 10:48:58.471454+00,
330,Earring Madame,1115,Watches & Jewelry,unisex,t,2018-08-02 10:48:58.471454+00,
331,Tops Iola,244,Apparel,male,t,2018-08-02 10:48:58.471454+00,
332,Jacket Cylias,216,Sportswear,unisex,t,2018-08-02 10:48:58.471454+00,
333,Suit Trick,660,Formal Wear,female,t,2018-08-02 10:48:58.471454+00,
334,Gym Bag Astrix,1,Luggage,male,t,2018-08-02 10:48:58.471454+00,
335,Slippers Madame,257,Footwear,female,t,2018-08-02 10:48:58.471454+00,
336,Shirt Yambi,215,Sportswear,female,t,2018-08-02 10:48:58.471454+00,
337,Jumpsuit Obin,53,Apparel,female,t,2018-08-02 10:48:58.471454+00,
338,Lingerie Corsar,73,Apparel,unisex,t,2018-08-02 10:48:58.471454+00,
339,Wedges Yoko,713,Footwear,male,t,2018-08-02 10:48:58.471454+00,
340,Panty Anita,1147,Apparel,female,t,2018-08-02 10:48:58.471454+00,
341,Jacket Dexel,1079,Apparel,female,t,2018-08-02 10:48:58.471454+00,
342,Coat Guni,295,Apparel,male,t,2018-08-02 10:48:58.471454+00,
343,Belt Aikita,436,Accessories,male,t,2018-08-02 10:48:58.471454+00,
344,Shirt Eiko,657,Sportswear,unisex,t,2018-08-02 10:48:58.471454+00,
345,Ring Bast,272,Watches & Jewelry,unisex,t,2018-08-02 10:48:58.471454+00,
346,Shorts Amin,321,Apparel,male,t,2018-08-02 10:48:58.471454+00,
347,Sweater Lolo,276,Apparel,unisex,t,2018-08-02 10:48:58.471454+00,
348,Wrap Anita,1049,Accessories,male,t,2018-08-02 10:48:58.471454+00,
349,Pants Hagar,688,Apparel,male,t,2018-08-02 10:48:58.471454+00,
350,Jeans Drenk,661,Apparel,male,t,2018-08-02 10:48:58.471454+00,
351,Scarf Herka,684,Accessories,female,t,2018-08-02 10:48:58.471454+00,
352,Wedges Tura,866,Footwear,female,t,2018-08-02 10:48:58.471454+00,
353,Hair Gel Camen,624,Cosmetics,male,t,2018-08-02 10:48:58.471454+00,
354,Polo Escudo,1066,Apparel,female,t,2018-08-02 10:48:58.471454+00,
355,Shirt Beppo,974,Sportswear,unisex,t,2018-08-02 10:49:10.991437+00,
356,Coat Escudo,1114,Apparel,female,t,2018-08-02 10:49:10.991437+00,
357,Necklace Cimbo,958,Watches & Jewelry,male,t,2018-08-02 10:49:10.991437+00,
358,Dress Boogy,193,Formal Wear,unisex,t,2018-08-02 10:49:10.991437+00,
359,Jacket Dian,566,Sportswear,female,t,2018-08-02 10:49:10.991437+00,
360,Bra Heifi,1054,Apparel,unisex,t,2018-08-02 10:49:10.991437+00,
361,T-Shirt Iola,135,Apparel,unisex,t,2018-08-02 10:49:10.991437+00,
362,Swimwear Enne,1051,Apparel,female,t,2018-08-02 10:49:10.991437+00,
363,Bra Feivel,713,Apparel,unisex,t,2018-08-02 10:49:10.991437+00,
364,Sleepwear Adria,574,Apparel,unisex,t,2018-08-02 10:49:10.991437+00,
365,Athletic Shoes Adria,624,Footwear,unisex,t,2018-08-02 10:49:10.991437+00,
366,Bracelet Amin,1131,Watches & Jewelry,male,t,2018-08-02 10:49:10.991437+00,
367,Wallet Marisa,133,Accessories,unisex,t,2018-08-02 10:49:10.991437+00,
368,Ring Askania,174,Watches & Jewelry,female,t,2018-08-02 10:49:10.991437+00,
369,Socks Eddil,24,Apparel,male,t,2018-08-02 10:49:10.991437+00,
370,Suit Aikita,743,Apparel,female,t,2018-08-02 10:49:10.991437+00,
371,Shorts Dexel,771,Apparel,male,t,2018-08-02 10:49:10.991437+00,
372,Jacket Flavko,916,Apparel,male,t,2018-08-02 10:49:10.991437+00,
373,Wrap Arnhild,816,Accessories,male,t,2018-08-02 10:49:10.991437+00,
374,Dress Shoes Iola,1138,Footwear,male,t,2018-08-02 10:49:10.991437+00,
375,Jumpsuit Ena,461,Apparel,male,t,2018-08-02 10:49:10.991437+00,
376,Capris Askania,1148,Apparel,female,t,2018-08-02 10:49:10.991437+00,
377,Backpack Laidy,85,Luggage,female,t,2018-08-02 10:49:10.991437+00,
378,Coat Dian,1137,Apparel,male,t,2018-08-02 10:49:10.991437+00,
379,Heels Elfy,6,Footwear,female,t,2018-08-02 10:49:10.991437+00,
380,Espadrilles Aikita,907,Footwear,male,t,2018-08-02 10:49:10.991437+00,
381,Backpack Enne,682,Luggage,unisex,t,2018-08-02 10:49:10.991437+00,
382,Sneakers Tura,1008,Footwear,female,t,2018-08-02 10:49:10.991437+00,
383,Button-Down Shirt Eljin,815,Apparel,female,t,2018-08-02 10:49:10.991437+00,
384,Dress Shirt Muneca,427,Apparel,male,t,2018-08-02 10:49:10.991437+00,
385,Flats Dian,419,Footwear,female,t,2018-08-02 10:49:10.991437+00,
386,Carry-On Escudo,367,Luggage,male,t,2018-08-02 10:49:10.991437+00,
387,Pants Feivel,906,Sportswear,female,t,2018-08-02 10:49:10.991437+00,
388,Shorts Broker,882,Apparel,unisex,t,2018-08-02 10:49:10.991437+00,
389,Bracelet Donner,24,Watches & Jewelry,male,t,2018-08-02 10:49:10.991437+00,
390,Casual Shoes Lumo,993,Footwear,female,t,2018-08-02 10:49:10.991437+00,
391,Button-Down Shirt Muneca,360,Apparel,female,t,2018-08-02 10:49:10.991437+00,
392,Dress Floni,538,Formal Wear,female,t,2018-08-02 10:49:10.991437+00,
393,Bra Drenk,1018,Apparel,female,t,2018-08-02 10:49:10.991437+00,
394,Dress Cimbo,745,Formal Wear,unisex,t,2018-08-02 10:49:10.991437+00,
395,Bracelet Eiko,1121,Watches & Jewelry,female,t,2018-08-02 10:49:10.991437+00,
396,Suit Tura,291,Apparel,female,t,2018-08-02 10:49:10.991437+00,
397,Boxer Binda,832,Apparel,female,t,2018-08-02 10:49:10.991437+00,
398,Sneakers Corsar,484,Footwear,female,t,2018-08-02 10:49:10.991437+00,
399,Wrap Herka,519,Accessories,male,t,2018-08-02 10:49:10.991437+00,
400,Gym Bag Hexana,309,Luggage,female,t,2018-08-02 10:49:10.991437+00,
401,Comfort Shoes Ayleen,1026,Footwear,unisex,t,2018-08-02 10:49:10.991437+00,
402,Heels Trick,30,Footwear,male,t,2018-08-02 10:49:10.991437+00,
403,Swimwear Floni,164,Apparel,male,t,2018-08-02 10:49:10.991437+00,
404,Skirt Fluse,368,Apparel,male,t,2018-08-02 10:49:10.991437+00,
405,Dress Shoes Fabulous,1079,Footwear,unisex,t,2018-08-02 10:49:10.991437+00,
406,Suit Donner,740,Apparel,unisex,t,2018-08-02 10:49:10.991437+00,
407,Jacket Laidy,14,Sportswear,female,t,2018-08-02 10:49:10.991437+00,
408,Coat Fabian,164,Apparel,unisex,t,2018-08-02 10:49:10.991437+00,
409,Gym Bag Pepper,969,Luggage,female,t,2018-08-02 10:49:10.991437+00,
410,Garments Bag Escudo,245,Luggage,female,t,2018-08-02 10:49:10.991437+00,
411,Shampoo Hagar,1148,Cosmetics,unisex,t,2018-08-02 10:49:10.991437+00,
412,Comfort Shoes Gorre,658,Footwear,female,t,2018-08-02 10:49:10.991437+00,
413,Suit Gabor,166,Apparel,unisex,t,2018-08-02 10:49:10.991437+00,
414,Hoodie Trick,104,Apparel,male,t,2018-08-02 10:49:10.991437+00,
415,Capris Tura,694,Apparel,female,t,2018-08-02 10:49:10.991437+00,
416,Skirt Eiko,973,Apparel,unisex,t,2018-08-02 10:49:10.991437+00,
417,Hair Gel Pepper,716,Cosmetics,female,t,2018-08-02 10:49:10.991437+00,
418,Sweatshirt Floni,434,Apparel,male,t,2018-08-02 10:49:10.991437+00,
419,Jeans Jeana,288,Apparel,female,t,2018-08-02 10:49:10.991437+00,
420,Casual Shoes Yesika,499,Footwear,male,t,2018-08-02 10:49:10.991437+00,
421,Wedges Iola,157,Footwear,unisex,t,2018-08-02 10:49:10.991437+00,
422,Lipbalm Bast,338,Cosmetics,female,t,2018-08-02 10:49:10.991437+00,
423,Suit Eddil,809,Formal Wear,unisex,t,2018-08-02 10:49:10.991437+00,
424,Bracelet Buck,359,Watches & Jewelry,male,t,2018-08-02 10:49:10.991437+00,
425,Garments Bag Beppo,296,Luggage,female,t,2018-08-02 10:49:10.991437+00,
426,Capris Nanuc,438,Apparel,unisex,t,2018-08-02 10:49:10.991437+00,
427,Suit Guni,580,Apparel,female,t,2018-08-02 10:49:10.991437+00,
428,Watch Gorre,2,Watches & Jewelry,female,t,2018-08-02 10:49:10.991437+00,
429,Tuxedo Lolo,875,Formal Wear,female,t,2018-08-02 10:49:10.991437+00,
430,Lingerie Flavko,753,Apparel,unisex,t,2018-08-02 10:49:10.991437+00,
431,Flats Binda,324,Footwear,male,t,2018-08-02 10:49:10.991437+00,
432,Wallet Yambi,590,Accessories,female,t,2018-08-02 10:49:10.991437+00,
433,Shorts Nenno,51,Apparel,male,t,2018-08-02 10:49:10.991437+00,
434,Espadrilles Arnhild,631,Footwear,male,t,2018-08-02 10:49:10.991437+00,
435,Ring Cimbo,1145,Watches & Jewelry,female,t,2018-08-02 10:49:10.991437+00,
436,Winter & Rain Boots Herry,449,Footwear,female,t,2018-08-02 10:49:10.991437+00,
437,Casual Shoes Andiamo,1133,Footwear,unisex,t,2018-08-02 10:49:10.991437+00,
438,Wedges Boogy,446,Footwear,male,t,2018-08-02 10:49:10.991437+00,
439,Shampoo Herry,288,Cosmetics,male,t,2018-08-02 10:49:10.991437+00,
440,Lingerie Cimbo,339,Apparel,male,t,2018-08-02 10:49:10.991437+00,
441,Flip-Flops Arano,1086,Footwear,male,t,2018-08-02 10:49:10.991437+00,
442,Dress Shirt Pepper,25,Apparel,unisex,t,2018-08-02 10:49:10.991437+00,
443,Pumps Gabor,963,Footwear,unisex,t,2018-08-02 10:49:10.991437+00,
444,Pajamas Isto,309,Apparel,unisex,t,2018-08-02 10:49:10.991437+00,
445,Sweatshirt Bast,1048,Apparel,female,t,2018-08-02 10:49:10.991437+00,
446,Shorts Cylias,297,Apparel,female,t,2018-08-02 10:49:10.991437+00,
447,Lipbalm Binda,1112,Cosmetics,female,t,2018-08-02 10:49:10.991437+00,
448,Tops Enne,483,Apparel,male,t,2018-08-02 10:49:10.991437+00,
449,Earring Anita,842,Watches & Jewelry,female,t,2018-08-02 10:49:10.991437+00,
450,Espadrilles Eljin,897,Footwear,female,t,2018-08-02 10:49:10.991437+00,
451,Eye Makeup Ankana,126,Cosmetics,unisex,t,2018-08-02 10:49:10.991437+00,
452,Jumpsuit Nanzo,1119,Apparel,female,t,2018-08-02 10:49:10.991437+00,
453,Pants Pepper,943,Sportswear,female,t,2018-08-02 10:49:10.991437+00,
454,Lingerie Escudo,638,Apparel,unisex,t,2018-08-02 10:49:10.991437+00,
455,Watch Nanuc,660,Watches & Jewelry,unisex,t,2018-08-02 10:49:10.991437+00,
456,Tuxedo Atlan,89,Formal Wear,male,t,2018-08-02 10:49:10.991437+00,
457,Hoodie Lumo,634,Sportswear,female,t,2018-08-02 10:49:10.991437+00,
458,Lipbalm Boogy,530,Cosmetics,male,t,2018-08-02 10:49:10.991437+00,
459,Booties Anita,123,Footwear,male,t,2018-08-02 10:49:10.991437+00,
460,Casual Shoes Ankana,1016,Footwear,unisex,t,2018-08-02 10:49:10.991437+00,
461,Wallet Obin,200,Accessories,male,t,2018-08-02 10:49:10.991437+00,
462,Boxer Boogy,736,Apparel,male,t,2018-08-02 10:49:10.991437+00,
463,Sweater Lumo,145,Apparel,male,t,2018-08-02 10:49:10.991437+00,
464,Dress Guni,795,Formal Wear,unisex,t,2018-08-02 10:49:10.991437+00,
465,T-Shirt Marisa,189,Apparel,female,t,2018-08-02 10:49:10.991437+00,
466,Lipbalm Yla,355,Cosmetics,male,t,2018-08-02 10:49:10.991437+00,
467,Bra Alvaro,695,Apparel,male,t,2018-08-02 10:49:10.991437+00,
468,Sweatshirt Gorre,581,Apparel,female,t,2018-08-02 10:49:10.991437+00,
469,Tracksuit Yambi,1139,Sportswear,male,t,2018-08-02 10:49:10.991437+00,
470,Pants Drenk,244,Apparel,male,t,2018-08-02 10:49:10.991437+00,
471,Lingerie Gabor,1084,Apparel,female,t,2018-08-02 10:49:10.991437+00,
472,Ring Cylias,194,Watches & Jewelry,unisex,t,2018-08-02 10:49:10.991437+00,
473,Jeans Bienchen,494,Apparel,male,t,2018-08-02 10:49:10.991437+00,
474,Suit Binda,1114,Apparel,male,t,2018-08-02 10:49:10.991437+00,
475,Earring Camen,1,Watches & Jewelry,male,t,2018-08-02 10:49:10.991437+00,
476,Button-Down Shirt Iola,1132,Apparel,male,t,2018-08-02 10:49:10.991437+00,
477,Sweatshirt Durrant,525,Apparel,unisex,t,2018-08-02 10:49:10.991437+00,
478,Undershirt Trick,111,Apparel,female,t,2018-08-02 10:49:10.991437+00,
479,Pajamas Yla,722,Apparel,female,t,2018-08-02 10:49:10.991437+00,
480,Dress Shirt Arano,225,Apparel,unisex,t,2018-08-02 10:49:10.991437+00,
481,Tops Beppo,193,Apparel,unisex,t,2018-08-02 10:49:10.991437+00,
482,Bracelet Boogy,32,Watches & Jewelry,male,t,2018-08-02 10:49:10.991437+00,
483,Wrap Betzy,50,Accessories,male,t,2018-08-02 10:49:10.991437+00,
484,Jumpsuit Gabor,897,Apparel,male,t,2018-08-02 10:49:10.991437+00,
485,Sandals Eddil,220,Footwear,female,t,2018-08-02 10:49:10.991437+00,
486,Espadrilles Drenk,663,Footwear,male,t,2018-08-02 10:49:10.991437+00,
487,Sleepwear Betzy,781,Apparel,unisex,t,2018-08-02 10:49:10.991437+00,
488,Winter & Rain Boots Madame,600,Footwear,female,t,2018-08-02 10:49:10.991437+00,
489,T-Shirt Floni,491,Apparel,unisex,t,2018-08-02 10:49:10.991437+00,
490,Sandals Heifi,81,Footwear,female,t,2018-08-02 10:49:10.991437+00,
491,Tracksuit Chrisie,298,Sportswear,unisex,t,2018-08-02 10:49:10.991437+00,
492,Laptop Bag Marisa,389,Luggage,male,t,2018-08-02 10:49:10.991437+00,
493,Suitcase Amin,1017,Luggage,male,t,2018-08-02 10:49:10.991437+00,
494,Lipbalm Dunja,678,Cosmetics,male,t,2018-08-02 10:49:10.991437+00,
495,Winter & Rain Boots Eiko,546,Footwear,male,t,2018-08-02 10:49:10.991437+00,
496,Pajamas Camen,511,Apparel,unisex,t,2018-08-02 10:49:10.991437+00,
497,Nailpolish Laidy,272,Cosmetics,male,t,2018-08-02 10:49:10.991437+00,
498,Costume Hagar,891,Traditional,male,t,2018-08-02 10:49:10.991437+00,
499,Tuxedo Atlan,296,Formal Wear,male,t,2018-08-02 10:49:10.991437+00,
500,Earring Ayleen,737,Watches & Jewelry,unisex,t,2018-08-02 10:49:10.991437+00,
501,Sleepwear Chrisie,855,Apparel,unisex,t,2018-08-02 10:49:10.991437+00,
502,Dress Obin,1093,Formal Wear,female,t,2018-08-02 10:49:10.991437+00,
503,Capris Dini,426,Apparel,unisex,t,2018-08-02 10:49:10.991437+00,
504,Swimwear Yesika,1094,Apparel,female,t,2018-08-02 10:49:10.991437+00,
505,Dress Shirt Hagar,934,Apparel,male,t,2018-08-02 10:49:10.991437+00,
506,Sandals Tura,905,Footwear,female,t,2018-08-02 10:49:10.991437+00,
507,Backpack Yla,386,Luggage,male,t,2018-08-02 10:49:10.991437+00,
508,Eye Makeup Muneca,141,Cosmetics,female,t,2018-08-02 10:49:10.991437+00,
509,Laptop Bag Fabian,935,Luggage,unisex,t,2018-08-02 10:49:10.991437+00,
510,Shorts Arnhild,859,Apparel,male,t,2018-08-02 10:49:10.991437+00,
511,Gym Bag Atlan,796,Luggage,unisex,t,2018-08-02 10:49:10.991437+00,
512,Capris Arnhild,598,Apparel,male,t,2018-08-02 10:49:10.991437+00,
513,Capris Elfy,210,Apparel,unisex,t,2018-08-02 10:49:10.991437+00,
514,Bra Laidy,962,Apparel,male,t,2018-08-02 10:49:10.991437+00,
515,Dress Dunja,444,Apparel,female,t,2018-08-02 10:49:10.991437+00,
516,Pajamas Jeana,166,Apparel,unisex,t,2018-08-02 10:49:10.991437+00,
517,Backpack Yoko,600,Luggage,male,t,2018-08-02 10:49:10.991437+00,
518,Garments Bag Heifi,1116,Luggage,female,t,2018-08-02 10:49:10.991437+00,
519,Sweatshirt Buck,318,Apparel,female,t,2018-08-02 10:49:10.991437+00,
520,Necklace Feivel,721,Watches & Jewelry,unisex,t,2018-08-02 10:49:10.991437+00,
521,Bra Feivel,874,Apparel,unisex,t,2018-08-02 10:49:10.991437+00,
522,Slippers Arano,1016,Footwear,male,t,2018-08-02 10:49:10.991437+00,
523,Suit Kiff,516,Formal Wear,male,t,2018-08-02 10:49:10.991437+00,
524,Boxer Dian,507,Apparel,male,t,2018-08-02 10:49:10.991437+00,
525,Jacket Donner,578,Apparel,unisex,t,2018-08-02 10:49:10.991437+00,
526,Button-Down Shirt Obin,1011,Apparel,female,t,2018-08-02 10:49:10.991437+00,
527,Bra Bienchen,942,Apparel,unisex,t,2018-08-02 10:49:10.991437+00,
528,Backpack Flavko,474,Luggage,male,t,2018-08-02 10:49:10.991437+00,
529,Slippers Fabian,262,Footwear,unisex,t,2018-08-02 10:49:10.991437+00,
530,Coat Trick,516,Apparel,male,t,2018-08-02 10:49:10.991437+00,
531,Sweater Nanuc,914,Apparel,female,t,2018-08-02 10:49:10.991437+00,
532,Sweatshirt Amin,597,Apparel,female,t,2018-08-02 10:49:10.991437+00,
533,Nailpolish Flavko,299,Cosmetics,unisex,t,2018-08-02 10:49:10.991437+00,
534,Hoodie Dunja,420,Apparel,male,t,2018-08-02 10:49:10.991437+00,
535,Nailpolish Hagar,1019,Cosmetics,unisex,t,2018-08-02 10:49:10.991437+00,
536,Swimwear Trick,104,Apparel,female,t,2018-08-02 10:49:10.991437+00,
537,Carry-On Dunja,970,Luggage,unisex,t,2018-08-02 10:49:10.991437+00,
538,Booties Cimbo,949,Footwear,male,t,2018-08-02 10:49:10.991437+00,
539,Pumps Alvaro,537,Footwear,male,t,2018-08-02 10:49:10.991437+00,
540,Tracksuit Bienchen,597,Sportswear,male,t,2018-08-02 10:49:10.991437+00,
541,Scarf Alvaro,708,Accessories,male,t,2018-08-02 10:49:10.991437+00,
542,Sandals Yla,1113,Footwear,male,t,2018-08-02 10:49:10.991437+00,
543,Tops Dexel,413,Apparel,unisex,t,2018-08-02 10:49:10.991437+00,
544,Tuxedo Atlan,759,Formal Wear,male,t,2018-08-02 10:49:10.991437+00,
545,Jumpsuit Elfy,1113,Apparel,female,t,2018-08-02 10:49:10.991437+00,
546,Laptop Bag Heifi,591,Luggage,male,t,2018-08-02 10:49:10.991437+00,
547,Bra Nady,448,Apparel,unisex,t,2018-08-02 10:49:10.991437+00,
548,Pajamas Hagar,817,Apparel,unisex,t,2018-08-02 10:49:10.991437+00,
549,Jacket Ena,141,Apparel,unisex,t,2018-08-02 10:49:10.991437+00,
550,Sneakers Drenk,1125,Footwear,female,t,2018-08-02 10:49:10.991437+00,
551,Costume Marisa,1161,Traditional,male,t,2018-08-02 10:49:10.991437+00,
552,Undershirt Panka,1045,Apparel,female,t,2018-08-02 10:49:10.991437+00,
553,Suitcase Anita,37,Luggage,female,t,2018-08-02 10:49:10.991437+00,
554,Blazers & Sport Coats Aikita,135,Apparel,female,t,2018-08-02 10:49:10.991437+00,
555,Bra Broker,696,Apparel,male,t,2018-08-02 10:49:10.991437+00,
556,Tie Clip Yesika,168,Watches & Jewelry,female,t,2018-08-02 10:49:10.991437+00,
557,Shirt Nenno,1010,Sportswear,unisex,t,2018-08-02 10:49:10.991437+00,
558,Pants Camen,386,Apparel,female,t,2018-08-02 10:49:10.991437+00,
559,Eye Makeup Yla,205,Cosmetics,male,t,2018-08-02 10:49:10.991437+00,
560,Pumps Yoko,180,Footwear,unisex,t,2018-08-02 10:49:10.991437+00,
561,Heels Elfy,171,Footwear,unisex,t,2018-08-02 10:49:10.991437+00,
562,Dress Ena,661,Formal Wear,female,t,2018-08-02 10:49:10.991437+00,
563,Skirt Astrix,475,Apparel,male,t,2018-08-02 10:49:10.991437+00,
564,Athletic Shoes Panka,358,Footwear,male,t,2018-08-02 10:49:10.991437+00,
565,Wrap Gorre,1144,Accessories,male,t,2018-08-02 10:49:10.991437+00,
566,Boots Tura,48,Footwear,unisex,t,2018-08-02 10:49:10.991437+00,
567,Dress Shoes Heifi,812,Footwear,male,t,2018-08-02 10:49:10.991437+00,
568,T-Shirt Yla,1057,Apparel,male,t,2018-08-02 10:49:10.991437+00,
569,Sneakers Panka,1049,Footwear,female,t,2018-08-02 10:49:10.991437+00,
570,Blazers & Sport Coats Obin,143,Apparel,unisex,t,2018-08-02 10:49:10.991437+00,
571,Dress Dunja,705,Formal Wear,female,t,2018-08-02 10:49:10.991437+00,
572,Belt Donner,967,Accessories,female,t,2018-08-02 10:49:10.991437+00,
573,Tuxedo Flavko,980,Formal Wear,female,t,2018-08-02 10:49:10.991437+00,
574,Belt Eddil,20,Accessories,male,t,2018-08-02 10:49:10.991437+00,
575,Polo Corsar,988,Apparel,unisex,t,2018-08-02 10:49:10.991437+00,
576,Jumpsuit Bienchen,1029,Apparel,unisex,t,2018-08-02 10:49:10.991437+00,
577,Sneakers Lumo,1167,Footwear,female,t,2018-08-02 10:49:10.991437+00,
578,Wedges Buck,411,Footwear,unisex,t,2018-08-02 10:49:10.991437+00,
579,Bra Drenk,289,Apparel,male,t,2018-08-02 10:49:10.991437+00,
580,Slippers Fluse,306,Footwear,unisex,t,2018-08-02 10:49:10.991437+00,
581,Espadrilles Heifi,638,Footwear,unisex,t,2018-08-02 10:49:10.991437+00,
582,Pants Eddil,50,Apparel,unisex,t,2018-08-02 10:49:10.991437+00,
583,Booties Madame,510,Footwear,female,t,2018-08-02 10:49:10.991437+00,
584,Skirt Madame,198,Apparel,female,t,2018-08-02 10:49:10.991437+00,
585,Backpack Tura,306,Luggage,male,t,2018-08-02 10:49:10.991437+00,
586,Tops Laidy,71,Apparel,female,t,2018-08-02 10:49:10.991437+00,
587,Suit Flavko,477,Formal Wear,male,t,2018-08-02 10:49:10.991437+00,
588,Carry-On Nady,775,Luggage,unisex,t,2018-08-02 10:49:10.991437+00,
589,Tie Clip Elfy,221,Watches & Jewelry,female,t,2018-08-02 10:49:10.991437+00,
590,Bracelet Gorre,565,Watches & Jewelry,unisex,t,2018-08-02 10:49:10.991437+00,
591,Garments Bag Donner,79,Luggage,female,t,2018-08-02 10:49:10.991437+00,
592,Pajamas Herry,1059,Apparel,unisex,t,2018-08-02 10:49:10.991437+00,
593,Nailpolish Flavko,1131,Cosmetics,male,t,2018-08-02 10:49:10.991437+00,
594,Pajamas Buck,1099,Apparel,male,t,2018-08-02 10:49:10.991437+00,
595,Sleepwear Arnhild,1099,Apparel,female,t,2018-08-02 10:49:10.991437+00,
596,Pants Alvaro,432,Sportswear,unisex,t,2018-08-02 10:49:10.991437+00,
597,Jacket Eiko,615,Sportswear,unisex,t,2018-08-02 10:49:10.991437+00,
598,Shorts Eljin,753,Apparel,female,t,2018-08-02 10:49:10.991437+00,
599,Flats Cylias,3,Footwear,female,t,2018-08-02 10:49:10.991437+00,
601,Undershirt Betzy,982,Apparel,female,t,2018-08-02 10:49:10.991437+00,
602,Undershirt Lumo,397,Apparel,male,t,2018-08-02 10:49:10.991437+00,
603,Laptop Bag Iola,286,Luggage,unisex,t,2018-08-02 10:49:10.991437+00,
604,Cuffs Nadia,178,Watches & Jewelry,female,t,2018-08-02 10:49:10.991437+00,
605,Belt Betzy,47,Accessories,male,t,2018-08-02 10:49:10.991437+00,
606,Pumps Ayleen,894,Footwear,unisex,t,2018-08-02 10:49:10.991437+00,
607,Polo Beppo,622,Apparel,male,t,2018-08-02 10:49:10.991437+00,
608,Dress Shirt Hagar,829,Apparel,male,t,2018-08-02 10:49:10.991437+00,
609,Tie Clip Atlan,423,Watches & Jewelry,male,t,2018-08-02 10:49:10.991437+00,
610,Nailpolish Gabor,489,Cosmetics,female,t,2018-08-02 10:49:10.991437+00,
611,Dress Shoes Trick,546,Footwear,male,t,2018-08-02 10:49:10.991437+00,
612,Capris Arnhild,470,Apparel,male,t,2018-08-02 10:49:10.991437+00,
613,T-Shirt Durrant,109,Apparel,male,t,2018-08-02 10:49:10.991437+00,
614,Tops Muneca,651,Apparel,female,t,2018-08-02 10:49:10.991437+00,
615,Sneakers Marisa,605,Footwear,female,t,2018-08-02 10:49:10.991437+00,
616,Watch Boogy,1016,Watches & Jewelry,female,t,2018-08-02 10:49:10.991437+00,
617,Ring Jeana,889,Watches & Jewelry,male,t,2018-08-02 10:49:10.991437+00,
618,Skirt Kiff,283,Apparel,male,t,2018-08-02 10:49:10.991437+00,
619,Pumps Binda,676,Footwear,male,t,2018-08-02 10:49:10.991437+00,
620,Bra Trick,945,Apparel,unisex,t,2018-08-02 10:49:10.991437+00,
621,Boots Flavko,372,Footwear,unisex,t,2018-08-02 10:49:10.991437+00,
622,Pajamas Guni,938,Apparel,unisex,t,2018-08-02 10:49:10.991437+00,
623,Hoodie Askania,310,Apparel,male,t,2018-08-02 10:49:10.991437+00,
624,Coat Bienchen,924,Apparel,female,t,2018-08-02 10:49:10.991437+00,
625,Wallet Arano,201,Accessories,unisex,t,2018-08-02 10:49:10.991437+00,
626,Nailpolish Askania,1155,Cosmetics,female,t,2018-08-02 10:49:10.991437+00,
627,Laptop Bag Boogy,1168,Luggage,unisex,t,2018-08-02 10:49:10.991437+00,
628,Swimwear Cylias,1154,Apparel,female,t,2018-08-02 10:49:10.991437+00,
629,Sunglasses Yla,23,Accessories,female,t,2018-08-02 10:49:10.991437+00,
630,Boots Andiamo,121,Footwear,unisex,t,2018-08-02 10:49:10.991437+00,
631,Bracelet Cimbo,230,Watches & Jewelry,female,t,2018-08-02 10:49:10.991437+00,
632,Dress Shirt Hexana,650,Apparel,unisex,t,2018-08-02 10:49:10.991437+00,
633,Scarf Durrant,558,Accessories,unisex,t,2018-08-02 10:49:10.991437+00,
634,Dress Shoes Nanuc,367,Footwear,male,t,2018-08-02 10:49:10.991437+00,
635,Skirt Corsar,425,Apparel,female,t,2018-08-02 10:49:10.991437+00,
636,Button-Down Shirt Arano,806,Apparel,male,t,2018-08-02 10:49:10.991437+00,
637,Shirt Cylias,866,Sportswear,female,t,2018-08-02 10:49:10.991437+00,
638,Athletic Shoes Betzy,912,Footwear,unisex,t,2018-08-02 10:49:10.991437+00,
639,Sweatshirt Broker,964,Apparel,male,t,2018-08-02 10:49:10.991437+00,
640,Winter & Rain Boots Kiff,1024,Footwear,male,t,2018-08-02 10:49:10.991437+00,
641,Blazers & Sport Coats Yesika,986,Apparel,male,t,2018-08-02 10:49:10.991437+00,
642,Flip-Flops Herry,897,Footwear,unisex,t,2018-08-02 10:49:10.991437+00,
643,Tie Clip Ankana,164,Watches & Jewelry,unisex,t,2018-08-02 10:49:10.991437+00,
644,Suit Bast,739,Apparel,female,t,2018-08-02 10:49:10.991437+00,
645,Sunglasses Lolo,22,Accessories,female,t,2018-08-02 10:49:10.991437+00,
646,Jeans Guni,202,Apparel,female,t,2018-08-02 10:49:10.991437+00,
647,Hoodie Flavko,45,Apparel,unisex,t,2018-08-02 10:49:10.991437+00,
648,Blazers & Sport Coats Trick,480,Apparel,unisex,t,2018-08-02 10:49:10.991437+00,
649,Garments Bag Herka,583,Luggage,male,t,2018-08-02 10:49:10.991437+00,
650,Nailpolish Donner,120,Cosmetics,female,t,2018-08-02 10:49:10.991437+00,
651,Swimwear Fabian,68,Apparel,female,t,2018-08-02 10:49:10.991437+00,
652,Capris Yambi,838,Apparel,unisex,t,2018-08-02 10:49:10.991437+00,
653,Socks Astrix,289,Apparel,unisex,t,2018-08-02 10:49:10.991437+00,
654,Winter & Rain Boots Ayleen,831,Footwear,unisex,t,2018-08-02 10:49:10.991437+00,
655,Suitcase Adria,732,Luggage,unisex,t,2018-08-02 10:49:15.728196+00,
656,Jacket Dreff,997,Apparel,male,t,2018-08-02 10:49:15.728196+00,
657,Eye Makeup Pepper,689,Cosmetics,unisex,t,2018-08-02 10:49:15.728196+00,
658,Nailpolish Ankana,158,Cosmetics,male,t,2018-08-02 10:49:15.728196+00,
660,Costume Ayleen,174,Traditional,male,t,2018-08-02 10:49:15.728196+00,
661,Undershirt Kiff,1,Apparel,male,t,2018-08-02 10:49:15.728196+00,
662,Tie Clip Ena,1157,Watches & Jewelry,female,t,2018-08-02 10:49:15.728196+00,
663,Tops Lumo,663,Apparel,female,t,2018-08-02 10:49:15.728196+00,
664,Skirt Dian,950,Apparel,female,t,2018-08-02 10:49:15.728196+00,
665,Flats Atlan,611,Footwear,male,t,2018-08-02 10:49:15.728196+00,
666,Shorts Enne,191,Apparel,female,t,2018-08-02 10:49:15.728196+00,
667,Boots Ayleen,202,Footwear,unisex,t,2018-08-02 10:49:15.728196+00,
668,Gym Bag Yambi,91,Luggage,female,t,2018-08-02 10:49:15.728196+00,
669,Tracksuit Lumo,811,Sportswear,unisex,t,2018-08-02 10:49:15.728196+00,
670,Scarf Nady,1016,Accessories,male,t,2018-08-02 10:49:15.728196+00,
671,Bracelet Andiamo,664,Watches & Jewelry,female,t,2018-08-02 10:49:15.728196+00,
672,Polo Fabulous,431,Apparel,unisex,t,2018-08-02 10:49:15.728196+00,
673,Carry-On Ayleen,723,Luggage,unisex,t,2018-08-02 10:49:15.728196+00,
674,Casual Shoes Jeana,878,Footwear,male,t,2018-08-02 10:49:15.728196+00,
675,Sweater Broker,918,Apparel,female,t,2018-08-02 10:49:15.728196+00,
676,Swimwear Fabian,1151,Apparel,unisex,t,2018-08-02 10:49:15.728196+00,
677,Capris Fabian,379,Apparel,female,t,2018-08-02 10:49:15.728196+00,
678,Dress Hexana,469,Formal Wear,female,t,2018-08-02 10:49:15.728196+00,
679,Sweatshirt Marisa,1025,Apparel,unisex,t,2018-08-02 10:49:15.728196+00,
680,Bra Arano,670,Apparel,female,t,2018-08-02 10:49:15.728196+00,
681,Blazers & Sport Coats Atlan,763,Apparel,unisex,t,2018-08-02 10:49:15.728196+00,
682,Jacket Floni,250,Sportswear,female,t,2018-08-02 10:49:15.728196+00,
683,Socks Iola,849,Apparel,unisex,t,2018-08-02 10:49:15.728196+00,
684,Ring Marisa,1129,Watches & Jewelry,female,t,2018-08-02 10:49:15.728196+00,
685,Hair Gel Adria,288,Cosmetics,unisex,t,2018-08-02 10:49:15.728196+00,
686,Blazers & Sport Coats Ena,554,Apparel,female,t,2018-08-02 10:49:15.728196+00,
687,Jeans Fabulous,203,Apparel,unisex,t,2018-08-02 10:49:15.728196+00,
688,Cuffs Obin,1096,Watches & Jewelry,male,t,2018-08-02 10:49:15.728196+00,
689,Casual Shoes Alvaro,1128,Footwear,female,t,2018-08-02 10:49:15.728196+00,
690,Sunglasses Ayleen,991,Accessories,male,t,2018-08-02 10:49:15.728196+00,
691,Hoodie Dunja,695,Sportswear,unisex,t,2018-08-02 10:49:15.728196+00,
692,Laptop Bag Escudo,141,Luggage,female,t,2018-08-02 10:49:15.728196+00,
693,Casual Shoes Isto,954,Footwear,male,t,2018-08-02 10:49:15.728196+00,
694,Comfort Shoes Durrant,80,Footwear,female,t,2018-08-02 10:49:15.728196+00,
695,Lingerie Arano,159,Apparel,male,t,2018-08-02 10:49:15.728196+00,
696,Suitcase Hagar,278,Luggage,male,t,2018-08-02 10:49:15.728196+00,
697,Scarf Ayleen,1038,Accessories,unisex,t,2018-08-02 10:49:15.728196+00,
698,Carry-On Cylias,218,Luggage,unisex,t,2018-08-02 10:49:15.728196+00,
699,Gym Bag Laidy,1018,Luggage,male,t,2018-08-02 10:49:15.728196+00,
700,Carry-On Andiamo,979,Luggage,female,t,2018-08-02 10:49:15.728196+00,
701,Suit Fabulous,827,Apparel,unisex,t,2018-08-02 10:49:15.728196+00,
702,Button-Down Shirt Broker,385,Apparel,male,t,2018-08-02 10:49:15.728196+00,
703,Gym Bag Muneca,732,Luggage,female,t,2018-08-02 10:49:15.728196+00,
704,Pants Yoko,358,Apparel,male,t,2018-08-02 10:49:15.728196+00,
705,Espadrilles Pepper,1017,Footwear,male,t,2018-08-02 10:49:15.728196+00,
706,Nailpolish Cylias,1071,Cosmetics,female,t,2018-08-02 10:49:15.728196+00,
707,Hoodie Marisa,298,Apparel,unisex,t,2018-08-02 10:49:15.728196+00,
708,Eye Makeup Bast,1169,Cosmetics,male,t,2018-08-02 10:49:15.728196+00,
709,Jeans Anita,830,Apparel,male,t,2018-08-02 10:49:15.728196+00,
710,Booties Andiamo,882,Footwear,female,t,2018-08-02 10:49:15.728196+00,
711,Lingerie Muneca,106,Apparel,unisex,t,2018-08-02 10:49:15.728196+00,
712,Blazers & Sport Coats Adria,25,Apparel,unisex,t,2018-08-02 10:49:15.728196+00,
713,Shorts Ankana,439,Apparel,male,t,2018-08-02 10:49:15.728196+00,
714,Sweater Obin,73,Apparel,female,t,2018-08-02 10:49:15.728196+00,
715,Tie Clip Alvaro,1110,Watches & Jewelry,unisex,t,2018-08-02 10:49:15.728196+00,
716,T-Shirt Hexana,492,Apparel,female,t,2018-08-02 10:49:15.728196+00,
717,Casual Shoes Herry,1052,Footwear,unisex,t,2018-08-02 10:49:15.728196+00,
718,Skirt Nenno,364,Apparel,unisex,t,2018-08-02 10:49:15.728196+00,
719,Polo Heifi,811,Apparel,male,t,2018-08-02 10:49:15.728196+00,
720,Necklace Nanzo,194,Watches & Jewelry,unisex,t,2018-08-02 10:49:15.728196+00,
721,Jumpsuit Buck,984,Apparel,female,t,2018-08-02 10:49:15.728196+00,
722,Jeans Nady,804,Apparel,unisex,t,2018-08-02 10:49:15.728196+00,
723,Capris Isto,281,Apparel,unisex,t,2018-08-02 10:49:15.728196+00,
724,Sandals Andiamo,711,Footwear,female,t,2018-08-02 10:49:15.728196+00,
725,Earring Panka,591,Watches & Jewelry,male,t,2018-08-02 10:49:15.728196+00,
726,Hair Gel Arnhild,26,Cosmetics,unisex,t,2018-08-02 10:49:15.728196+00,
727,Pajamas Gabor,1013,Apparel,female,t,2018-08-02 10:49:15.728196+00,
728,Shampoo Nanzo,326,Cosmetics,unisex,t,2018-08-02 10:49:15.728196+00,
729,Sweater Yesika,1168,Apparel,female,t,2018-08-02 10:49:15.728196+00,
730,Tops Alvaro,690,Apparel,male,t,2018-08-02 10:49:15.728196+00,
731,Heels Hagar,669,Footwear,female,t,2018-08-02 10:49:15.728196+00,
732,Pajamas Muneca,556,Apparel,male,t,2018-08-02 10:49:15.728196+00,
733,Wallet Ayleen,907,Accessories,unisex,t,2018-08-02 10:49:15.728196+00,
734,Costume Anita,642,Traditional,female,t,2018-08-02 10:49:15.728196+00,
735,Earring Yla,1038,Watches & Jewelry,unisex,t,2018-08-02 10:49:15.728196+00,
736,Scarf Broker,1044,Accessories,female,t,2018-08-02 10:49:15.728196+00,
737,Blazers & Sport Coats Beppo,637,Apparel,female,t,2018-08-02 10:49:15.728196+00,
738,Suitcase Nanzo,340,Luggage,male,t,2018-08-02 10:49:15.728196+00,
739,Eye Makeup Aikita,342,Cosmetics,female,t,2018-08-02 10:49:15.728196+00,
740,Sneakers Alvaro,311,Footwear,female,t,2018-08-02 10:49:15.728196+00,
741,Capris Ankana,917,Apparel,female,t,2018-08-02 10:49:15.728196+00,
742,Hoodie Marisa,74,Apparel,male,t,2018-08-02 10:49:15.728196+00,
743,Suitcase Gorre,960,Luggage,unisex,t,2018-08-02 10:49:15.728196+00,
744,Swimwear Cucio,836,Apparel,unisex,t,2018-08-02 10:49:15.728196+00,
745,Booties Escudo,420,Footwear,male,t,2018-08-02 10:49:15.728196+00,
746,Laptop Bag Bast,82,Luggage,unisex,t,2018-08-02 10:49:15.728196+00,
747,Pants Nanuc,967,Apparel,male,t,2018-08-02 10:49:15.728196+00,
748,Flats Panka,879,Footwear,male,t,2018-08-02 10:49:15.728196+00,
749,Flip-Flops Anita,725,Footwear,male,t,2018-08-02 10:49:15.728196+00,
750,Flip-Flops Eiko,335,Footwear,male,t,2018-08-02 10:49:15.728196+00,
751,Jumpsuit Betzy,727,Apparel,male,t,2018-08-02 10:49:15.728196+00,
752,Gym Bag Ayleen,178,Luggage,female,t,2018-08-02 10:49:15.728196+00,
753,Sandals Herry,832,Footwear,female,t,2018-08-02 10:49:15.728196+00,
754,Bra Amin,287,Apparel,unisex,t,2018-08-02 10:49:15.728196+00,
755,Button-Down Shirt Trick,730,Apparel,male,t,2018-08-02 10:49:15.728196+00,
756,Cuffs Dini,1065,Watches & Jewelry,female,t,2018-08-02 10:49:15.728196+00,
757,Dress Yesika,717,Formal Wear,unisex,t,2018-08-02 10:49:15.728196+00,
758,Belt Amin,66,Accessories,unisex,t,2018-08-02 10:49:15.728196+00,
759,Laptop Bag Heifi,138,Luggage,female,t,2018-08-02 10:49:15.728196+00,
760,Costume Hagar,719,Traditional,unisex,t,2018-08-02 10:49:15.728196+00,
761,Coat Flavko,325,Apparel,female,t,2018-08-02 10:49:15.728196+00,
762,Tracksuit Herry,291,Sportswear,unisex,t,2018-08-02 10:49:15.728196+00,
763,Backpack Donner,997,Luggage,unisex,t,2018-08-02 10:49:15.728196+00,
764,Panty Dini,1134,Apparel,unisex,t,2018-08-02 10:49:15.728196+00,
765,Suitcase Binda,1111,Luggage,female,t,2018-08-02 10:49:15.728196+00,
766,Skirt Bienchen,711,Apparel,female,t,2018-08-02 10:49:15.728196+00,
767,Pumps Hagar,864,Footwear,male,t,2018-08-02 10:49:15.728196+00,
768,Sunglasses Yla,701,Accessories,female,t,2018-08-02 10:49:15.728196+00,
769,Sweater Bienchen,1162,Apparel,unisex,t,2018-08-02 10:49:15.728196+00,
770,Flats Trick,325,Footwear,female,t,2018-08-02 10:49:15.728196+00,
771,Shorts Herry,1076,Apparel,male,t,2018-08-02 10:49:15.728196+00,
772,Coat Yesika,231,Apparel,female,t,2018-08-02 10:49:15.728196+00,
773,Panty Askania,970,Apparel,female,t,2018-08-02 10:49:15.728196+00,
774,Pajamas Herry,359,Apparel,female,t,2018-08-02 10:49:15.728196+00,
775,Scarf Feivel,870,Accessories,male,t,2018-08-02 10:49:15.728196+00,
776,Panty Guni,627,Apparel,male,t,2018-08-02 10:49:15.728196+00,
777,Necklace Obin,645,Watches & Jewelry,male,t,2018-08-02 10:49:15.728196+00,
778,Boxer Yla,895,Apparel,unisex,t,2018-08-02 10:49:15.728196+00,
779,Boxer Ankana,831,Apparel,unisex,t,2018-08-02 10:49:15.728196+00,
780,Flip-Flops Cucio,766,Footwear,male,t,2018-08-02 10:49:15.728196+00,
781,Sweater Nadia,424,Apparel,female,t,2018-08-02 10:49:15.728196+00,
782,Coat Elfy,891,Apparel,male,t,2018-08-02 10:49:15.728196+00,
783,Jumpsuit Madame,597,Apparel,male,t,2018-08-02 10:49:15.728196+00,
784,Undershirt Buck,874,Apparel,unisex,t,2018-08-02 10:49:15.728196+00,
785,Wedges Heifi,932,Footwear,unisex,t,2018-08-02 10:49:15.728196+00,
786,Pants Chrisie,413,Sportswear,male,t,2018-08-02 10:49:15.728196+00,
787,Coat Chrisie,727,Apparel,male,t,2018-08-02 10:49:15.728196+00,
788,Costume Askania,594,Traditional,unisex,t,2018-08-02 10:49:15.728196+00,
789,Wallet Laidy,712,Accessories,male,t,2018-08-02 10:49:15.728196+00,
790,Underwear Kiff,777,Sportswear,unisex,t,2018-08-02 10:49:15.728196+00,
791,Wedges Hexana,528,Footwear,female,t,2018-08-02 10:49:15.728196+00,
792,Boots Boogy,668,Footwear,male,t,2018-08-02 10:49:15.728196+00,
793,Pants Fabulous,783,Sportswear,unisex,t,2018-08-02 10:49:15.728196+00,
794,Swimwear Cylias,438,Apparel,unisex,t,2018-08-02 10:49:15.728196+00,
795,Nailpolish Herka,572,Cosmetics,unisex,t,2018-08-02 10:49:15.728196+00,
796,Dress Corsar,346,Formal Wear,female,t,2018-08-02 10:49:15.728196+00,
797,Comfort Shoes Yambi,766,Footwear,unisex,t,2018-08-02 10:49:15.728196+00,
798,Boots Dini,132,Footwear,male,t,2018-08-02 10:49:15.728196+00,
799,Capris Buck,511,Apparel,unisex,t,2018-08-02 10:49:15.728196+00,
800,Cuffs Andiamo,175,Watches & Jewelry,female,t,2018-08-02 10:49:15.728196+00,
801,Bracelet Heifi,878,Watches & Jewelry,female,t,2018-08-02 10:49:15.728196+00,
802,Necklace Gabor,157,Watches & Jewelry,male,t,2018-08-02 10:49:15.728196+00,
803,Flip-Flops Iola,34,Footwear,female,t,2018-08-02 10:49:15.728196+00,
804,Swimwear Chrisie,285,Apparel,female,t,2018-08-02 10:49:15.728196+00,
805,Capris Astrix,877,Apparel,male,t,2018-08-02 10:49:15.728196+00,
806,Earring Bast,108,Watches & Jewelry,male,t,2018-08-02 10:49:15.728196+00,
807,Wedges Gorre,582,Footwear,male,t,2018-08-02 10:49:15.728196+00,
808,Boxer Buck,1030,Apparel,male,t,2018-08-02 10:49:15.728196+00,
809,Dress Ayleen,1082,Apparel,male,t,2018-08-02 10:49:15.728196+00,
810,Underwear Obin,514,Sportswear,female,t,2018-08-02 10:49:15.728196+00,
811,Wrap Iola,867,Accessories,female,t,2018-08-02 10:49:15.728196+00,
812,Wallet Nenno,976,Accessories,female,t,2018-08-02 10:49:15.728196+00,
813,Suit Marisa,86,Apparel,female,t,2018-08-02 10:49:15.728196+00,
814,Espadrilles Cucio,195,Footwear,female,t,2018-08-02 10:49:15.728196+00,
815,Underwear Adria,1169,Sportswear,unisex,t,2018-08-02 10:49:15.728196+00,
816,Wallet Trick,906,Accessories,unisex,t,2018-08-02 10:49:15.728196+00,
817,Hoodie Boogy,707,Apparel,unisex,t,2018-08-02 10:49:15.728196+00,
818,Sleepwear Yambi,67,Apparel,female,t,2018-08-02 10:49:15.728196+00,
819,Watch Anita,472,Watches & Jewelry,unisex,t,2018-08-02 10:49:15.728196+00,
820,Socks Amin,562,Apparel,unisex,t,2018-08-02 10:49:15.728196+00,
821,Watch Broker,556,Watches & Jewelry,female,t,2018-08-02 10:49:15.728196+00,
822,Sneakers Nady,260,Footwear,male,t,2018-08-02 10:49:15.728196+00,
823,Casual Shoes Nenno,364,Footwear,male,t,2018-08-02 10:49:15.728196+00,
824,Suit Chrisie,236,Formal Wear,male,t,2018-08-02 10:49:15.728196+00,
825,Shirt Camen,599,Sportswear,female,t,2018-08-02 10:49:15.728196+00,
826,Sweater Adria,981,Apparel,male,t,2018-08-02 10:49:15.728196+00,
827,Laptop Bag Cucio,1108,Luggage,unisex,t,2018-08-02 10:49:15.728196+00,
828,Capris Fabian,1114,Apparel,unisex,t,2018-08-02 10:49:15.728196+00,
829,Undershirt Ankana,335,Apparel,unisex,t,2018-08-02 10:49:15.728196+00,
830,Booties Yoko,922,Footwear,male,t,2018-08-02 10:49:15.728196+00,
831,Jacket Andiamo,143,Sportswear,unisex,t,2018-08-02 10:49:15.728196+00,
832,Winter & Rain Boots Herka,92,Footwear,unisex,t,2018-08-02 10:49:15.728196+00,
833,Suit Nadia,776,Apparel,female,t,2018-08-02 10:49:15.728196+00,
834,Carry-On Cucio,1050,Luggage,female,t,2018-08-02 10:49:15.728196+00,
835,Booties Eljin,1042,Footwear,male,t,2018-08-02 10:49:15.728196+00,
836,Jacket Askania,1117,Apparel,female,t,2018-08-02 10:49:15.728196+00,
837,Button-Down Shirt Yla,661,Apparel,female,t,2018-08-02 10:49:15.728196+00,
838,Heels Tura,879,Footwear,male,t,2018-08-02 10:49:15.728196+00,
839,Winter & Rain Boots Lolo,572,Footwear,unisex,t,2018-08-02 10:49:15.728196+00,
840,Tracksuit Nady,98,Sportswear,female,t,2018-08-02 10:49:15.728196+00,
841,Dress Shoes Nadia,1125,Footwear,female,t,2018-08-02 10:49:15.728196+00,
842,Garments Bag Fluse,166,Luggage,female,t,2018-08-02 10:49:15.728196+00,
843,Boxer Gorre,419,Apparel,female,t,2018-08-02 10:49:15.728196+00,
844,Garments Bag Eddil,1161,Luggage,female,t,2018-08-02 10:49:15.728196+00,
845,Jacket Betzy,445,Apparel,male,t,2018-08-02 10:49:15.728196+00,
846,Flats Enne,523,Footwear,unisex,t,2018-08-02 10:49:15.728196+00,
847,Wrap Enne,617,Accessories,male,t,2018-08-02 10:49:15.728196+00,
848,Boxer Cylias,657,Apparel,male,t,2018-08-02 10:49:15.728196+00,
849,Earring Yambi,208,Watches & Jewelry,unisex,t,2018-08-02 10:49:15.728196+00,
850,T-Shirt Enne,931,Apparel,female,t,2018-08-02 10:49:15.728196+00,
851,Suit Donner,1045,Apparel,unisex,t,2018-08-02 10:49:15.728196+00,
852,Hoodie Boogy,1137,Apparel,female,t,2018-08-02 10:49:15.728196+00,
853,Sweatshirt Gabor,410,Apparel,unisex,t,2018-08-02 10:49:15.728196+00,
854,Hoodie Fluse,1033,Sportswear,male,t,2018-08-02 10:49:15.728196+00,
855,Undershirt Dian,758,Apparel,female,t,2018-08-02 10:49:15.728196+00,
856,Shirt Isto,1114,Sportswear,male,t,2018-08-02 10:49:15.728196+00,
857,Blazers & Sport Coats Heifi,1007,Apparel,unisex,t,2018-08-02 10:49:15.728196+00,
858,Eye Makeup Kiff,618,Cosmetics,male,t,2018-08-02 10:49:15.728196+00,
859,Sunglasses Feivel,17,Accessories,female,t,2018-08-02 10:49:15.728196+00,
860,Lingerie Nadia,684,Apparel,unisex,t,2018-08-02 10:49:15.728196+00,
861,Backpack Heifi,1126,Luggage,male,t,2018-08-02 10:49:15.728196+00,
862,Carry-On Tura,568,Luggage,male,t,2018-08-02 10:49:15.728196+00,
863,Boxer Anita,967,Apparel,male,t,2018-08-02 10:49:15.728196+00,
864,Shorts Lolo,369,Apparel,unisex,t,2018-08-02 10:49:15.728196+00,
865,Ring Binda,576,Watches & Jewelry,female,t,2018-08-02 10:49:15.728196+00,
866,Eye Makeup Kiff,589,Cosmetics,unisex,t,2018-08-02 10:49:15.728196+00,
867,Dress Shirt Dexel,696,Apparel,female,t,2018-08-02 10:49:15.728196+00,
868,Shorts Cucio,332,Apparel,unisex,t,2018-08-02 10:49:15.728196+00,
869,Gym Bag Dexel,1006,Luggage,female,t,2018-08-02 10:49:15.728196+00,
870,Tie Clip Cucio,842,Watches & Jewelry,male,t,2018-08-02 10:49:15.728196+00,
871,Gym Bag Bast,904,Luggage,unisex,t,2018-08-02 10:49:15.728196+00,
872,Sunglasses Alvaro,735,Accessories,unisex,t,2018-08-02 10:49:15.728196+00,
873,Blazers & Sport Coats Corsar,494,Apparel,unisex,t,2018-08-02 10:49:15.728196+00,
874,Jacket Eiko,513,Apparel,unisex,t,2018-08-02 10:49:15.728196+00,
875,Backpack Elfy,304,Luggage,female,t,2018-08-02 10:49:15.728196+00,
876,Gym Bag Aikita,303,Luggage,unisex,t,2018-08-02 10:49:15.728196+00,
877,Underwear Yla,169,Sportswear,female,t,2018-08-02 10:49:15.728196+00,
878,Flats Nadia,386,Footwear,male,t,2018-08-02 10:49:15.728196+00,
879,Panty Enne,685,Apparel,male,t,2018-08-02 10:49:15.728196+00,
880,Suit Elfy,823,Apparel,male,t,2018-08-02 10:49:15.728196+00,
881,Winter & Rain Boots Beppo,1003,Footwear,unisex,t,2018-08-02 10:49:15.728196+00,
882,Shorts Dunja,259,Apparel,male,t,2018-08-02 10:49:15.728196+00,
883,Suit Herka,286,Formal Wear,unisex,t,2018-08-02 10:49:15.728196+00,
884,Tops Nenno,831,Apparel,male,t,2018-08-02 10:49:15.728196+00,
885,Capris Nadia,809,Apparel,female,t,2018-08-02 10:49:15.728196+00,
886,Swimwear Flavko,592,Apparel,female,t,2018-08-02 10:49:15.728196+00,
887,Hoodie Nenno,801,Sportswear,unisex,t,2018-08-02 10:49:15.728196+00,
888,Socks Drenk,603,Apparel,male,t,2018-08-02 10:49:15.728196+00,
889,Gym Bag Drenk,111,Luggage,male,t,2018-08-02 10:49:15.728196+00,
890,Scarf Feivel,1009,Accessories,female,t,2018-08-02 10:49:15.728196+00,
891,Jumpsuit Arnhild,1042,Apparel,female,t,2018-08-02 10:49:15.728196+00,
892,Jacket Dexel,881,Apparel,female,t,2018-08-02 10:49:15.728196+00,
893,Skirt Iola,805,Apparel,unisex,t,2018-08-02 10:49:15.728196+00,
894,Nailpolish Eddil,76,Cosmetics,male,t,2018-08-02 10:49:15.728196+00,
895,Blazers & Sport Coats Arnhild,922,Apparel,unisex,t,2018-08-02 10:49:15.728196+00,
896,Tuxedo Drenk,802,Formal Wear,unisex,t,2018-08-02 10:49:15.728196+00,
897,Dress Shirt Escudo,1086,Apparel,female,t,2018-08-02 10:49:15.728196+00,
898,Garments Bag Binda,385,Luggage,male,t,2018-08-02 10:49:15.728196+00,
899,Jacket Bienchen,524,Sportswear,unisex,t,2018-08-02 10:49:15.728196+00,
900,Watch Buck,438,Watches & Jewelry,unisex,t,2018-08-02 10:49:15.728196+00,
901,Tie Clip Dunja,1057,Watches & Jewelry,female,t,2018-08-02 10:49:15.728196+00,
902,Panty Isto,678,Apparel,unisex,t,2018-08-02 10:49:15.728196+00,
903,Tie Clip Dexel,667,Watches & Jewelry,unisex,t,2018-08-02 10:49:15.728196+00,
904,Pants Nanuc,591,Sportswear,male,t,2018-08-02 10:49:15.728196+00,
905,Dress Broker,560,Formal Wear,unisex,t,2018-08-02 10:49:15.728196+00,
906,Panty Feivel,146,Apparel,male,t,2018-08-02 10:49:15.728196+00,
907,Earring Lolo,346,Watches & Jewelry,unisex,t,2018-08-02 10:49:15.728196+00,
908,Swimwear Eiko,550,Apparel,female,t,2018-08-02 10:49:15.728196+00,
909,Garments Bag Bienchen,871,Luggage,female,t,2018-08-02 10:49:15.728196+00,
910,Pants Cimbo,622,Sportswear,unisex,t,2018-08-02 10:49:15.728196+00,
911,Tuxedo Arano,462,Formal Wear,unisex,t,2018-08-02 10:49:15.728196+00,
912,Casual Shoes Herry,890,Footwear,male,t,2018-08-02 10:49:15.728196+00,
913,Wedges Drenk,72,Footwear,unisex,t,2018-08-02 10:49:15.728196+00,
914,Tuxedo Alvaro,125,Formal Wear,female,t,2018-08-02 10:49:15.728196+00,
915,Hoodie Amin,86,Sportswear,male,t,2018-08-02 10:49:15.728196+00,
916,Socks Chrisie,243,Apparel,unisex,t,2018-08-02 10:49:15.728196+00,
917,Bracelet Binda,737,Watches & Jewelry,male,t,2018-08-02 10:49:15.728196+00,
918,Socks Kiff,198,Apparel,female,t,2018-08-02 10:49:15.728196+00,
919,Polo Muneca,282,Apparel,unisex,t,2018-08-02 10:49:15.728196+00,
920,Dress Isto,721,Apparel,unisex,t,2018-08-02 10:49:15.728196+00,
921,Tracksuit Floni,817,Sportswear,male,t,2018-08-02 10:49:15.728196+00,
922,Polo Cimbo,335,Apparel,unisex,t,2018-08-02 10:49:15.728196+00,
923,Tie Clip Guni,430,Watches & Jewelry,unisex,t,2018-08-02 10:49:15.728196+00,
924,Ring Cucio,1109,Watches & Jewelry,female,t,2018-08-02 10:49:15.728196+00,
925,Sandals Amin,948,Footwear,male,t,2018-08-02 10:49:15.728196+00,
926,Undershirt Yambi,139,Apparel,female,t,2018-08-02 10:49:15.728196+00,
927,Panty Corsar,99,Apparel,unisex,t,2018-08-02 10:49:15.728196+00,
928,Wallet Ena,11,Accessories,unisex,t,2018-08-02 10:49:15.728196+00,
929,Sandals Aikita,571,Footwear,male,t,2018-08-02 10:49:15.728196+00,
930,Pajamas Guni,522,Apparel,female,t,2018-08-02 10:49:15.728196+00,
931,Pants Heifi,562,Apparel,female,t,2018-08-02 10:49:15.728196+00,
932,Socks Gabor,788,Apparel,female,t,2018-08-02 10:49:15.728196+00,
933,Athletic Shoes Elfy,485,Footwear,unisex,t,2018-08-02 10:49:15.728196+00,
934,Swimwear Binda,764,Apparel,unisex,t,2018-08-02 10:49:15.728196+00,
935,Lipbalm Eiko,123,Cosmetics,female,t,2018-08-02 10:49:15.728196+00,
936,Tops Donner,739,Apparel,male,t,2018-08-02 10:49:15.728196+00,
937,Undershirt Cylias,163,Apparel,female,t,2018-08-02 10:49:15.728196+00,
938,Suitcase Chrisie,1110,Luggage,male,t,2018-08-02 10:49:15.728196+00,
939,Button-Down Shirt Eddil,311,Apparel,male,t,2018-08-02 10:49:15.728196+00,
940,Hoodie Nenno,536,Apparel,male,t,2018-08-02 10:49:15.728196+00,
941,Scarf Kiff,161,Accessories,unisex,t,2018-08-02 10:49:15.728196+00,
942,Gym Bag Gorre,39,Luggage,unisex,t,2018-08-02 10:49:15.728196+00,
943,Backpack Panka,693,Luggage,female,t,2018-08-02 10:49:15.728196+00,
944,Wallet Boogy,639,Accessories,unisex,t,2018-08-02 10:49:15.728196+00,
945,Winter & Rain Boots Eddil,89,Footwear,male,t,2018-08-02 10:49:15.728196+00,
946,Button-Down Shirt Cimbo,972,Apparel,male,t,2018-08-02 10:49:15.728196+00,
947,Belt Binda,1050,Accessories,male,t,2018-08-02 10:49:15.728196+00,
948,Hair Gel Gabor,881,Cosmetics,unisex,t,2018-08-02 10:49:15.728196+00,
949,Hoodie Betzy,357,Sportswear,male,t,2018-08-02 10:49:15.728196+00,
950,Lingerie Eddil,487,Apparel,female,t,2018-08-02 10:49:15.728196+00,
951,Sleepwear Trick,1161,Apparel,female,t,2018-08-02 10:49:15.728196+00,
952,Tracksuit Astrix,965,Sportswear,unisex,t,2018-08-02 10:49:15.728196+00,
953,Wrap Kiff,902,Accessories,unisex,t,2018-08-02 10:49:15.728196+00,
954,Jacket Panka,286,Sportswear,male,t,2018-08-02 10:49:15.728196+00,
955,Bracelet Buck,615,Watches & Jewelry,unisex,t,2018-08-02 10:49:30.656356+00,
956,Pants Kiff,815,Apparel,female,t,2018-08-02 10:49:30.656356+00,
957,Flats Atlan,171,Footwear,unisex,t,2018-08-02 10:49:30.656356+00,
958,Underwear Ankana,879,Sportswear,male,t,2018-08-02 10:49:30.656356+00,
959,Dress Shirt Bast,530,Apparel,unisex,t,2018-08-02 10:49:30.656356+00,
960,Jumpsuit Astrix,788,Apparel,unisex,t,2018-08-02 10:49:30.656356+00,
961,Sandals Ena,672,Footwear,unisex,t,2018-08-02 10:49:30.656356+00,
962,Dress Eiko,512,Formal Wear,unisex,t,2018-08-02 10:49:30.656356+00,
963,Boxer Obin,44,Apparel,male,t,2018-08-02 10:49:30.656356+00,
964,Swimwear Floni,1003,Apparel,male,t,2018-08-02 10:49:30.656356+00,
965,Pajamas Adria,634,Apparel,female,t,2018-08-02 10:49:30.656356+00,
966,Swimwear Lumo,261,Apparel,female,t,2018-08-02 10:49:30.656356+00,
967,Button-Down Shirt Panka,706,Apparel,male,t,2018-08-02 10:49:30.656356+00,
968,Necklace Fabulous,17,Watches & Jewelry,female,t,2018-08-02 10:49:30.656356+00,
969,Underwear Nady,326,Sportswear,female,t,2018-08-02 10:49:30.656356+00,
970,Suit Anita,127,Apparel,male,t,2018-08-02 10:49:30.656356+00,
971,Shorts Enne,599,Apparel,female,t,2018-08-02 10:49:30.656356+00,
972,Capris Cylias,364,Apparel,unisex,t,2018-08-02 10:49:30.656356+00,
973,Pumps Lolo,1110,Footwear,female,t,2018-08-02 10:49:30.656356+00,
974,Panty Atlan,1075,Apparel,male,t,2018-08-02 10:49:30.656356+00,
975,Sleepwear Amin,35,Apparel,male,t,2018-08-02 10:49:30.656356+00,
976,Boots Bienchen,81,Footwear,unisex,t,2018-08-02 10:49:30.656356+00,
977,Wrap Lolo,1164,Accessories,unisex,t,2018-08-02 10:49:30.656356+00,
978,Earring Andiamo,497,Watches & Jewelry,female,t,2018-08-02 10:49:30.656356+00,
979,Bra Yla,249,Apparel,male,t,2018-08-02 10:49:30.656356+00,
980,Belt Pepper,984,Accessories,unisex,t,2018-08-02 10:49:30.656356+00,
981,Jumpsuit Jeana,1028,Apparel,unisex,t,2018-08-02 10:49:30.656356+00,
982,Gym Bag Anita,840,Luggage,unisex,t,2018-08-02 10:49:30.656356+00,
983,Socks Cimbo,676,Apparel,male,t,2018-08-02 10:49:30.656356+00,
984,Dress Shirt Nenno,744,Apparel,female,t,2018-08-02 10:49:30.656356+00,
985,Bracelet Dexel,818,Watches & Jewelry,unisex,t,2018-08-02 10:49:30.656356+00,
986,Comfort Shoes Hagar,116,Footwear,unisex,t,2018-08-02 10:49:30.656356+00,
987,Pumps Fabulous,449,Footwear,female,t,2018-08-02 10:49:30.656356+00,
988,Winter & Rain Boots Nanzo,806,Footwear,unisex,t,2018-08-02 10:49:30.656356+00,
989,Tops Yambi,117,Apparel,female,t,2018-08-02 10:49:30.656356+00,
990,Casual Shoes Gabor,745,Footwear,unisex,t,2018-08-02 10:49:30.656356+00,
991,Earring Bienchen,608,Watches & Jewelry,female,t,2018-08-02 10:49:30.656356+00,
992,Wallet Laidy,9,Accessories,male,t,2018-08-02 10:49:30.656356+00,
993,Button-Down Shirt Flavko,286,Apparel,unisex,t,2018-08-02 10:49:30.656356+00,
994,Pants Binda,453,Sportswear,unisex,t,2018-08-02 10:49:30.656356+00,
995,Sneakers Dreff,1115,Footwear,female,t,2018-08-02 10:49:30.656356+00,
996,Polo Trick,1138,Apparel,male,t,2018-08-02 10:49:30.656356+00,
997,Sneakers Kiff,443,Footwear,unisex,t,2018-08-02 10:49:30.656356+00,
998,Jacket Panka,455,Apparel,male,t,2018-08-02 10:49:30.656356+00,
999,Socks Corsar,131,Apparel,female,t,2018-08-02 10:49:30.656356+00,
1000,Suit Ena,535,Formal Wear,female,t,2018-08-02 10:49:30.656356+00,
1001,Flats Trick,958,Footwear,female,t,2018-08-02 10:49:30.656356+00,
1002,Necklace Yla,180,Watches & Jewelry,female,t,2018-08-02 10:49:30.656356+00,
1003,Tuxedo Laidy,130,Formal Wear,female,t,2018-08-02 10:49:30.656356+00,
1004,Shirt Corsar,223,Sportswear,unisex,t,2018-08-02 10:49:30.656356+00,
1005,Heels Nanzo,1147,Footwear,unisex,t,2018-08-02 10:49:30.656356+00,
1006,Coat Nadia,407,Apparel,female,t,2018-08-02 10:49:30.656356+00,
1007,Tops Dini,471,Apparel,female,t,2018-08-02 10:49:30.656356+00,
1008,Wrap Nadia,372,Accessories,female,t,2018-08-02 10:49:30.656356+00,
1009,Necklace Madame,219,Watches & Jewelry,male,t,2018-08-02 10:49:30.656356+00,
1010,Wrap Eljin,243,Accessories,unisex,t,2018-08-02 10:49:30.656356+00,
1011,Lipbalm Flavko,682,Cosmetics,male,t,2018-08-02 10:49:30.656356+00,
1012,Costume Nenno,837,Traditional,female,t,2018-08-02 10:49:30.656356+00,
1013,Socks Corsar,620,Apparel,male,t,2018-08-02 10:49:30.656356+00,
1014,Shampoo Dreff,44,Cosmetics,female,t,2018-08-02 10:49:30.656356+00,
1015,Hair Gel Nadia,1151,Cosmetics,unisex,t,2018-08-02 10:49:30.656356+00,
1016,Jacket Escudo,887,Apparel,female,t,2018-08-02 10:49:30.656356+00,
1017,Slippers Elfy,1065,Footwear,female,t,2018-08-02 10:49:30.656356+00,
1018,Flip-Flops Cucio,979,Footwear,male,t,2018-08-02 10:49:30.656356+00,
1019,Jumpsuit Jeana,326,Apparel,unisex,t,2018-08-02 10:49:30.656356+00,
1020,Bra Eljin,313,Apparel,female,t,2018-08-02 10:49:30.656356+00,
1021,Boots Nanzo,542,Footwear,male,t,2018-08-02 10:49:30.656356+00,
1022,Tuxedo Donner,24,Formal Wear,female,t,2018-08-02 10:49:30.656356+00,
1023,Sleepwear Arnhild,808,Apparel,unisex,t,2018-08-02 10:49:30.656356+00,
1024,Sweater Andiamo,1109,Apparel,male,t,2018-08-02 10:49:30.656356+00,
1025,Jumpsuit Arano,903,Apparel,male,t,2018-08-02 10:49:30.656356+00,
1026,Necklace Betzy,499,Watches & Jewelry,female,t,2018-08-02 10:49:30.656356+00,
1027,Underwear Feivel,347,Sportswear,male,t,2018-08-02 10:49:30.656356+00,
1028,Flats Durrant,850,Footwear,female,t,2018-08-02 10:49:30.656356+00,
1029,Coat Pepper,787,Apparel,female,t,2018-08-02 10:49:30.656356+00,
1030,Tuxedo Amin,254,Formal Wear,female,t,2018-08-02 10:49:30.656356+00,
1031,Sneakers Marisa,247,Footwear,female,t,2018-08-02 10:49:30.656356+00,
1032,Earring Buck,775,Watches & Jewelry,unisex,t,2018-08-02 10:49:30.656356+00,
1033,Suit Corsar,918,Formal Wear,unisex,t,2018-08-02 10:49:30.656356+00,
1034,Gym Bag Adria,857,Luggage,female,t,2018-08-02 10:49:30.656356+00,
1035,Capris Bast,1046,Apparel,female,t,2018-08-02 10:49:30.656356+00,
1036,Earring Ena,345,Watches & Jewelry,female,t,2018-08-02 10:49:30.656356+00,
1037,Backpack Heifi,972,Luggage,male,t,2018-08-02 10:49:30.656356+00,
1038,Carry-On Boogy,104,Luggage,unisex,t,2018-08-02 10:49:30.656356+00,
1039,Dress Shirt Heifi,1053,Apparel,male,t,2018-08-02 10:49:30.656356+00,
1040,Athletic Shoes Fabulous,65,Footwear,female,t,2018-08-02 10:49:30.656356+00,
1041,Winter & Rain Boots Hexana,247,Footwear,unisex,t,2018-08-02 10:49:30.656356+00,
1042,Sleepwear Alvaro,584,Apparel,unisex,t,2018-08-02 10:49:30.656356+00,
1043,T-Shirt Trick,508,Apparel,female,t,2018-08-02 10:49:30.656356+00,
1044,Flats Heifi,1048,Footwear,unisex,t,2018-08-02 10:49:30.656356+00,
1045,Comfort Shoes Heifi,224,Footwear,male,t,2018-08-02 10:49:30.656356+00,
1046,Hoodie Guni,373,Sportswear,unisex,t,2018-08-02 10:49:30.656356+00,
1047,Backpack Andiamo,639,Luggage,female,t,2018-08-02 10:49:30.656356+00,
1048,Shirt Enne,941,Sportswear,male,t,2018-08-02 10:49:30.656356+00,
1049,Watch Bast,430,Watches & Jewelry,female,t,2018-08-02 10:49:30.656356+00,
